Retailer,Range,Product Name,Size,Product Type,Unit,Revenue,Δ Unit YTD %,Δ Revenue YTD %
Shop Apotheke,SENSIBIO,SENSIBIO H2O DUO,2X500 ml,Cleansing,"8,964","€ 174,797",113.63%,122%
Shop Apotheke,SENSIBIO,SENSIBIO H2O,500 ml,Cleansing,"5,309","€ 76,980",9.87%,17%
Shop Apotheke,SENSIBIO,SENSIBIO GEL MOUSSANT,500 ml,Cleansing,"3,013","€ 46,401",48.35%,52%
ApoDiscounter,SENSIBIO,SENSIBIO H2O DUO,2X500 ml,Cleansing,"2,395","€ 54,141",38.60%,67%
DocMorris,SENSIBIO,SENSIBIO H2O DUO,2X500 ml,Cleansing,"2,020","€ 55,023",1823.81%,2693%
Shop Apotheke,SEBIUM,SEBIUM HYDRA,40 ml,Care,"1,627","€ 23,593",77.43%,95%
Shop Apotheke,SENSIBIO,SENSIBIO H2O AR,250 ml,Cleansing,"1,604","€ 16,665",-27.39%,-27%
MPK,SENSIBIO,SENSIBIO H2O DUO,2X500 ml,Cleansing,"1,409","€ 22,302",147.63%,109%
DocMorris,SENSIBIO,SENSIBIO GEL MOUSSANT,500 ml,Cleansing,"1,371","€ 20,310",1023.77%,1010%
Shop Apotheke,ATODERM,ATODERM INTENSIVE BAUME,500 ml,Care,"1,320","€ 30,625",66.88%,71%
Shop Apotheke,ATODERM,ATODERM HUILE DE DOUCHE,1 l,Care,"1,237","€ 23,131",94.80%,102%
TNA,SENSIBIO,SENSIBIO H2O,500 ml,Cleansing,"1,150","€ 11,998",0.00%,0%
Shop Apotheke,SENSIBIO,SENSIBIO H2O,100 ml,Cleansing,"1,117","€ 6,624",-17.75%,-11%
Shop Apotheke,PIGMENTBIO,PIGMENTBIO SENSITIVE AREAS,75 ml,Care,"1,056","€ 20,992",0.00%,0%
Shop Apotheke,SENSIBIO,SENSIBIO AR BB CREAM SPF 30,40 ml,Care,"1,025","€ 19,885",15.69%,20%
Shop Apotheke,ATODERM,ATODERM CREAM ULTRA,500 ml,Care,967,"€ 16,729",-37.73%,-31%
TNA,ATODERM,ATODERM HUILE DE DOUCHE,1 l,Care,965,"€ 12,315",0.00%,0%
MedPex,SENSIBIO,SENSIBIO H2O DUO,2X500 ml,Cleansing,951,"€ 46,480",128.61%,496%
ApoDiscounter,SENSIBIO,SENSIBIO H2O AR,250 ml,Cleansing,948,"€ 7,470",17.47%,-11%
Shop Apotheke,SENSIBIO,SENSIBIO H2O,250 ml,Cleansing,925,"€ 9,297",21.87%,30%
Shop Apotheke,HYDRABIO,HYDRABIO TONIQUE,250 ml,Care,919,"€ 11,855",102.42%,114%
Shop Apotheke,SEBIUM,SEBIUM GEL MOUSSANT,500 ml,Cleansing,867,"€ 13,352",44.02%,48%
Shop Apotheke,SENSIBIO,SENSIBIO DEFENSIVE,40 ml,Care,801,"€ 12,816",229.63%,252%
ApoDiscounter,SENSIBIO,SENSIBIO AR+ CREME,40 ml,Care,758,"€ 11,210",0.00%,0%
Shop Apotheke,SENSIBIO,SENSIBIO AR+ CREME,40 ml,Care,750,"€ 14,024",0.00%,0%
Shop Apotheke,SENSIBIO,SENSIBIO GEL MOUSSANT,200 ml,Cleansing,729,"€ 8,675",12.85%,17%
ApoDiscounter,SENSIBIO,SENSIBIO GEL MOUSSANT,200 ml,Cleansing,723,"€ 6,599",119.76%,74%
Shop Apotheke,SEBIUM,SEBIUM PORE REFINER,30 ml,Care,720,"€ 11,051",-29.27%,-28%
Shop Apotheke,SEBIUM,SEBIUM H2O,500 ml,Cleansing,712,"€ 10,324",-2.33%,4%
Shop Apotheke,SENSIBIO,SENSIBIO EYE,15 ml,Care,689,"€ 10,197",12.21%,20%
TNA,ATODERM,ATODERM GEL DOUCHE,1 l,Cleansing,679,"€ 7,730",0.00%,0%
Shop Apotheke,PHOTODERM,PHOTODERM AR SPF 50+,30 ml,Sun Care,658,"€ 11,429",-19.16%,-19%
Shop Apotheke,SEBIUM,SEBIUM SENSITIVE,30 ml,Care,656,"€ 9,512",48.75%,55%
Shop Apotheke,SENSIBIO,SENSIBIO DS+ CREAM,40 ml,Care,633,"€ 9,686",-10.85%,-9%
Shop Apotheke,SEBIUM,SEBIUM MAT CONTROL,30 ml,Care,623,"€ 8,471",136.88%,144%
Shop Apotheke,HYDRABIO,HYDRABIO GEL-CREAM,40 ml,Care,588,"€ 10,435",119.40%,134%
Shop Apotheke,HYDRABIO,HYDRABIO H2O DUO,2X500 ml,Cleansing,579,"€ 11,291",-22.39%,-19%
Shop Apotheke,ATODERM,ATODERM STICK LEVRES,4 g,Care,548,"€ 2,532",23.70%,26%
Shop Apotheke,ATODERM,ATODERM INTENSIVE EYE,100 ml,Care,543,"€ 10,426",4.22%,7%
Shop Apotheke,CICABIO,CICABIO CREAM+ SPF 50+,30  ml,Care,530,"€ 5,882",211.76%,220%
TNA,SEBIUM,SEBIUM GEL MOUSSANT,500 ml,Cleansing,521,"€ 5,729",0.00%,0%
DocMorris,SENSIBIO,SENSIBIO H2O AR,250 ml,Cleansing,518,"€ 5,687",161.62%,176%
ApoDiscounter,SENSIBIO,SENSIBIO EYE,15 ml,Care,510,"€ 4,838",32.47%,-9%
Shop Apotheke,HYDRABIO,HYDRABIO SERUM,40 ml,Care,507,"€ 10,903",16.82%,22%
ApoDiscounter,HYDRABIO,HYDRABIO H2O DUO,2X500 ml,Cleansing,496,"€ 7,522",132.86%,88%
Shop Apotheke,NODE,NODE DS+,125 ml,Care,491,"€ 6,481",88.85%,93%
Shop Apotheke,SENSIBIO,SENSIBIO GEL MOUSSANT,100 ml,Cleansing,489,"€ 3,032",-5.96%,-2%
ApoDiscounter,SENSIBIO,SENSIBIO DEFENSIVE,40 ml,Care,476,"€ 7,513",18.11%,24%
DocMorris,SENSIBIO,SENSIBIO H2O,500 ml,Cleansing,474,"€ 14,954",-20.74%,84%
Shop Apotheke,SENSIBIO,SENSIBIO DEFENSIVE RICH,40 ml,Care,456,"€ 7,296",-27.96%,-23%
Shop Apotheke,ATODERM,ATODERM GEL DOUCHE,1 l,Cleansing,451,"€ 6,269",8.67%,11%
Shop Apotheke,SENSIBIO,SENSIBIO DEFENSIVE SERUM,30 ml,Care,450,"€ 12,286",-13.13%,-10%
Shop Apotheke,ATODERM,ATODERM INTENSIVE BAUME,75 ml,Care,436,"€ 3,619",88.74%,95%
Shop Apotheke,PIGMENTBIO,PIGMENTBIO FOAMING CREAM,200 ml,Cleansing,430,"€ 6,450",505.63%,506%
ApoDiscounter,SEBIUM,SEBIUM HYDRA,40 ml,Care,423,"€ 6,423",34.71%,55%
ApoDiscounter,SENSIBIO,SENSIBIO AR BB CREAM SPF 30,40 ml,Care,420,"€ 7,014",50.54%,34%
Shop Apotheke,ATODERM,ATODERM MAINS & ONGLES,50 ml,Care,417,"€ 2,294",45.30%,53%
Shop Apotheke,HYDRABIO,HYDRABIO PERFECTEUR SPF 30,40 ml,Care,405,"€ 7,574",62.65%,68%
Shop Apotheke,CICABIO,CICABIO CREAM+,40 ml,Care,396,"€ 4,039",355.17%,416%
ApoDiscounter,HYDRABIO,HYDRABIO TONIQUE,250 ml,Care,395,"€ 4,376",42.60%,29%
TNA,SENSIBIO,SENSIBIO H2O DUO,2X500 ml,Cleansing,394,"€ 9,540",,
Shop Apotheke,ATODERM,ATODERM LEVRES,15 ml,Care,389,"€ 2,917",26.30%,29%
ApoDiscounter,SENSIBIO,SENSIBIO H2O,500 ml,Cleansing,380,"€ 12,088",-31.65%,60%
Zalando,SENSIBIO,SENSIBIO H2O,500 ml,Cleansing,371,"€ 13,757",290.53%,965%
DocMorris,SENSIBIO,SENSIBIO AR BB CREAM SPF 30,40 ml,Care,364,"€ 8,316",487.10%,615%
Shop Apotheke,ATODERM,ATODERM INTENSIVE BAUME,200 ml,Care,364,"€ 5,569",43.87%,47%
MedPex,SENSIBIO,SENSIBIO H2O,500 ml,Cleansing,355,"€ 15,099",14.52%,258%
MPK,SENSIBIO,SENSIBIO H2O AR,250 ml,Cleansing,343,"€ 3,024",28.95%,9%
ApoDiscounter,ATODERM,ATODERM INTENSIVE BAUME,500 ml,Care,339,"€ 8,613",429.69%,494%
Shop Apotheke,SENSIBIO,SENSIBIO MASK,75 ml,Cleansing,336,"€ 5,578",17.89%,19%
Shop Apotheke,PHOTODERM,PHOTODERM MINERAL FLUIDE SPF 50+,75 g,Sun Care,335,"€ 5,584",196.46%,196%
TNA,ATODERM,ATODERM INTENSIVE BAUME,500 ml,Care,330,"€ 12,426",0.00%,0%
MedPex,SENSIBIO,SENSIBIO H2O AR,250 ml,Cleansing,326,"€ 4,865",72.49%,148%
DocMorris,SEBIUM,SEBIUM HYDRA,40 ml,Care,318,"€ 7,545",312.99%,643%
Shop Apotheke,SEBIUM,SEBIUM H2O DUO,2X500 ml,Cleansing,317,"€ 6,181",99.37%,107%
DocMorris,SENSIBIO,SENSIBIO EYE,15 ml,Care,311,"€ 4,725",211.00%,240%
Shop Apotheke,PHOTODERM,PHOTODERM AQUAFLUIDE SPF 50+,40 ml,Sun Care,305,"€ 5,034",-60.54%,-58%
ApoDiscounter,HYDRABIO,HYDRABIO GEL-CREAM,40 ml,Care,304,"€ 4,155",28.81%,6%
Shop Apotheke,ATODERM,ATODERM CREAM ULTRA PUMP,200 ml,Care,300,"€ 3,300",0.00%,0%
ApoDiscounter,PHOTODERM,PHOTODERM AR SPF 50+,30 ml,Sun Care,295,"€ 4,642",22.92%,11%
MPK,SENSIBIO,SENSIBIO EYE,15 ml,Care,277,"€ 3,638",-3.82%,-9%
MPK,SENSIBIO,SENSIBIO H2O,500 ml,Cleansing,274,"€ 5,450",-50.81%,-28%
MPK,SENSIBIO,SENSIBIO GEL MOUSSANT,500 ml,Cleansing,269,"€ 5,528",28.71%,76%
ApoDiscounter,SENSIBIO,SENSIBIO H2O,100 ml,Cleansing,266,"€ 1,959",-33.83%,-12%
DocMorris,SENSIBIO,SENSIBIO AR+ CREME,40 ml,Care,263,"€ 6,085",0.00%,0%
Shop Apotheke,NODE,NODE FLUIDE,200 ml,Care,262,"€ 2,358",56.89%,62%
Shop Apotheke,HYDRABIO,HYDRABIO CREAM,50 ml,Care,258,"€ 4,659",-36.30%,-36%
Shop Apotheke,SEBIUM,SEBIUM GEL MOUSSANT ACTIF,200 ml,Cleansing,254,"€ 3,353",18.69%,21%
Shop Apotheke,SEBIUM,SEBIUM GEL MOUSSANT,200 ml,Cleansing,251,"€ 2,966",-5.64%,-1%
Shop Apotheke,PHOTODERM,PHOTODERM SPOT-AGE SPF 50+,40 ml,Sun Care,250,"€ 4,342",43.68%,44%
DocMorris,SENSIBIO,SENSIBIO GEL MOUSSANT,100 ml,Cleansing,249,"€ 1,633",1456.25%,1619%
TNA,SEBIUM,SEBIUM MAT CONTROL,30 ml,Care,247,"€ 3,945",0.00%,0%
ApoDiscounter,SENSIBIO,SENSIBIO DEFENSIVE RICH,40 ml,Care,246,"€ 2,643",-9.56%,-35%
DocMorris,NODE,NODE DS+,125 ml,Care,243,"€ 3,194",556.76%,568%
DocMorris,PHOTODERM,PHOTODERM AR SPF 50+,30 ml,Sun Care,238,"€ 4,570",815.38%,911%
Shop Apotheke,SENSIBIO,SENSIBIO H2O PUMP,500 ml,Cleansing,237,"€ 3,721",17.33%,21%
MPK,SENSIBIO,SENSIBIO H2O,100 ml,Cleansing,233,"€ 1,199",25.95%,18%
Shop Apotheke,SEBIUM,SEBIUM GEL GOMMANT,100 ml,Cleansing,233,"€ 2,913",13.11%,16%
DocMorris,SENSIBIO,SENSIBIO GEL MOUSSANT,200 ml,Cleansing,230,"€ 4,094",1050.00%,1680%
Shop Apotheke,NODE,NODE K,150 ml,Care,227,"€ 2,996",-41.65%,-40%
Shop Apotheke,SENSIBIO,SENSIBIO H2O EYE,125 ml,Cleansing,227,"€ 3,086",16.41%,27%
MedPex,SENSIBIO,SENSIBIO H2O,100 ml,Cleansing,221,"€ 2,056",106.54%,249%
DocMorris,SENSIBIO,SENSIBIO H2O,100 ml,Cleansing,220,"€ 2,029",168.29%,349%
Shop Apotheke,PHOTODERM,PHOTODERM AKN MAT SPF 30,40 ml,Sun Care,219,"€ 3,804",128.13%,128%
Shop Apotheke,ATODERM,ATODERM HUILE DE DOUCHE,100 ml,Cleansing,216,"€ 1,317",118.18%,125%
DocMorris,HYDRABIO,HYDRABIO TONIQUE,250 ml,Care,211,"€ 3,794",539.39%,841%
MedPex,ATODERM,ATODERM INTENSIVE BAUME,500 ml,Care,211,"€ 8,128",151.19%,327%
Shop Apotheke,ATODERM,ATODERM GEL DOUCHE,500 ml,Cleansing,208,"€ 2,080",-1.89%,1%
Shop Apotheke,SENSIBIO,SENSIBIO MICELLAR CLEANSING OIL,150 ml,Cleansing,207,"€ 3,161",417.50%,417%
DocMorris,ATODERM,ATODERM HUILE DE DOUCHE,1 l,Care,202,"€ 6,017",85.32%,206%
Zalando,SENSIBIO,SENSIBIO H2O DUO,2X500 ml,Cleansing,202,"€ 42,626",231.15%,3626%
ApoDiscounter,SENSIBIO,SENSIBIO MASK,75 ml,Cleansing,198,"€ 2,574",85.05%,47%
TNA,SENSIBIO,SENSIBIO GEL MOUSSANT,500 ml,Cleansing,196,"€ 7,802",0.00%,0%
DocMorris,ATODERM,ATODERM INTENSIVE BAUME,500 ml,Care,196,"€ 8,297",122.73%,316%
TNA,SENSIBIO,SENSIBIO AR BB CREME,40 ml,Care,194,"€ 3,674",0.00%,0%
DocMorris,SENSIBIO,SENSIBIO DEFENSIVE,40 ml,Care,191,"€ 4,295",730.43%,1145%
MPK,SENSIBIO,SENSIBIO DS+ CREAM,40 ml,Care,191,"€ 3,596",109.89%,163%
Shop Apotheke,ATODERM,ATODERM INTENSIVE GEL-CREAM,500 ml,Care,191,"€ 4,431",-42.99%,-42%
Shop Apotheke,SEBIUM,SEBIUM GLOBAL,30 ml,Care,191,"€ 2,771",7.30%,12%
MPK,SEBIUM,SEBIUM HYDRA,40 ml,Care,190,"€ 2,164",-5.94%,-19%
TNA,SENSIBIO,SENSIBIO EYE,15 ml,Care,189,"€ 5,407",0.00%,0%
ApoDiscounter,HYDRABIO,HYDRABIO PERFECTEUR SPF 30,40 ml,Care,187,"€ 3,577",-29.70%,-26%
ApoDiscounter,HYDRABIO,HYDRABIO SERUM,40 ml,Care,185,"€ 3,463",-63.73%,-67%
ApoDiscounter,SEBIUM,SEBIUM PORE REFINER,30 ml,Care,183,"€ 3,263",14.38%,36%
Zalando,SENSIBIO,SENSIBIO GEL MOUSSANT,500 ml,Cleansing,179,"€ 9,015",678.26%,2513%
ApoDiscounter,SENSIBIO,SENSIBIO DS+ CREAM,40 ml,Care,178,"€ 3,666",21.09%,66%
MPK,ATODERM,ATODERM CREAM ULTRA,500 ml,Care,178,"€ 3,006",-14.01%,-7%
ApoDiscounter,CICABIO,CICABIO CREAM+ SPF 50+,30  ml,Care,177,"€ 2,937",2428.57%,3816%
MedPex,SENSIBIO,SENSIBIO AR BB CREAM SPF 30,40 ml,Care,175,"€ 4,747",400.00%,624%
Shop Apotheke,HYDRABIO,HYDRABIO H2O,500 ml,Cleansing,175,"€ 2,536",-4.89%,1%
DocMorris,ATODERM,ATODERM STICK LEVRES,4 g,Care,174,"€ 1,013",262.50%,365%
Shop Apotheke,PHOTODERM,PHOTODERM CRÈME SPF 50+,40 ml,Sun Care,174,"€ 2,784",28.89%,31%
ApoDiscounter,SENSIBIO,SENSIBIO GEL MOUSSANT,500 ml,Cleansing,173,"€ 8,431",302.33%,1207%
MedPex,SENSIBIO,SENSIBIO GEL MOUSSANT,500 ml,Cleansing,173,"€ 8,847",302.33%,1272%
MPK,PHOTODERM,PHOTODERM AR SPF 50+,30 ml,Sun Care,171,"€ 2,491",2.40%,-14%
MPK,SENSIBIO,SENSIBIO AR BB CREAM SPF 30,40 ml,Care,171,"€ 3,065",17.12%,12%
MPK,SENSIBIO,SENSIBIO AR+ CREME,40 ml,Care,171,"€ 3,033",0.00%,0%
Shop Apotheke,CICABIO,CICABIO ARNICA+,40 ml,Care,169,"€ 1,640",-25.55%,-20%
Shop Apotheke,SEBIUM,SEBIUM GEL MOUSSANT,100 ml,Cleansing,169,"€ 1,048",-47.35%,-45%
ApoDiscounter,SENSIBIO,SENSIBIO H2O PUMP,850 ml,Cleansing,168,"€ 2,154",0.00%,0%
ApoDiscounter,CICABIO,CICABIO CREAM+,40 ml,Care,167,"€ 1,605",2285.71%,2448%
Shop Apotheke,ATODERM,ATODERM INTENSIVE GEL MOUSSANT,200 ml,Cleansing,167,"€ 1,520",7.05%,8%
Zalando,SENSIBIO,SENSIBIO H2O,100 ml,Cleansing,164,"€ 1,899",1722.22%,3698%
Shop Apotheke,SENSIBIO,SENSIBIO AR CREAM,40 ml,Care,162,"€ 3,030",-89.90%,-89%
Shop Apotheke,PHOTODERM,PHOTODERM CRÈME TINTED SPF 50+,40 ml,Sun Care,161,"€ 2,576",43.75%,47%
ApoDiscounter,SEBIUM,SEBIUM GEL MOUSSANT,500 ml,Cleansing,155,"€ 2,903",-39.69%,-25%
DocMorris,SEBIUM,SEBIUM PORE REFINER,30 ml,Care,155,"€ 3,199",198.08%,310%
TNA,NODE,NODE DS+,125 ml,Care,151,"€ 2,401",0.00%,0%
DocMorris,ATODERM,ATODERM CREAM ULTRA,500 ml,Care,150,"€ 4,224",733.33%,1398%
DocMorris,SEBIUM,SEBIUM GEL MOUSSANT,500 ml,Cleansing,147,"€ 3,589",444.44%,786%
Shop Apotheke,SEBIUM,SEBIUM H2O,250 ml,Cleansing,147,"€ 1,477",-8.13%,-2%
ApoDiscounter,HYDRABIO,HYDRABIO CREAM,50 ml,Care,144,"€ 1,758",-34.55%,-56%
DocMorris,SEBIUM,SEBIUM H2O DUO,2X500 ml,Cleansing,144,"€ 3,541",700.00%,951%
DocMorris,SENSIBIO,SENSIBIO DS+ CREAM,40 ml,Care,144,"€ 3,750",453.85%,862%
ApoDiscounter,ATODERM,ATODERM MAINS & ONGLES,50 ml,Care,143,"€ 1,818",36.19%,231%
DocMorris,SENSIBIO,SENSIBIO H2O,250 ml,Cleansing,143,"€ 5,071",-8.33%,245%
MedPex,SEBIUM,SEBIUM HYDRA,40 ml,Care,143,"€ 7,540",164.81%,959%
Shop Apotheke,PIGMENTBIO,PIGMENTBIO DAILY CARE SPF 50+,40 ml,Care,143,"€ 2,981",472.00%,471%
DocMorris,SENSIBIO,SENSIBIO DEFENSIVE RICH,40 ml,Care,141,"€ 2,640",138.98%,198%
MPK,SENSIBIO,SENSIBIO DEFENSIVE,40 ml,Care,141,"€ 1,979",-6.00%,-12%
Zalando,SENSIBIO,SENSIBIO H2O,250 ml,Cleansing,140,"€ 5,052",0.00%,0%
MPK,ATODERM,ATODERM MAINS & ONGLES,50 ml,Care,139,€ 685,32.38%,25%
Shop Apotheke,SEBIUM,SEBIUM SERUM,30 ml,Care,139,"€ 3,795",15.83%,20%
Shop Apotheke,ATODERM,ATODERM INTENSIVE GEL-CREAM,75 ml,Care,135,"€ 1,120",17.39%,22%
ApoDiscounter,ATODERM,ATODERM CREAM ULTRA,500 ml,Care,132,"€ 2,885",-45.45%,-24%
MPK,ATODERM,ATODERM INTENSIVE BAUME,500 ml,Care,132,"€ 2,658",-10.81%,-21%
TNA,SEBIUM,SEBIUM PORE REFINER,30 ml,Care,131,"€ 4,716",0.00%,0%
Zalando,SENSIBIO,SENSIBIO GEL MOUSSANT,200 ml,Cleansing,131,"€ 2,871",13000.00%,23825%
DocMorris,ATODERM,ATODERM LEVRES,15 ml,Care,129,"€ 1,453",230.77%,408%
ApoDiscounter,PHOTODERM,PHOTODERM AQUAFLUIDE SPF 50+,40 ml,Sun Care,128,"€ 2,343",23.08%,44%
ApoDiscounter,ATODERM,ATODERM HUILE DE DOUCHE,1 l,Care,127,"€ 6,261",-38.65%,67%
MPK,SENSIBIO,SENSIBIO H2O,250 ml,Cleansing,127,"€ 1,102",-17.53%,-24%
DocMorris,ATODERM,ATODERM MAINS & ONGLES,50 ml,Care,126,"€ 1,905",306.45%,1076%
MedPex,ATODERM,ATODERM HUILE DE DOUCHE,1 l,Care,126,"€ 4,726",200.00%,523%
MedPex,ATODERM,ATODERM STICK LEVRES,4 g,Care,124,"€ 1,250",552.63%,1337%
MPK,SEBIUM,SEBIUM GEL MOUSSANT,500 ml,Cleansing,124,"€ 1,820",-31.11%,-33%
DocMorris,SEBIUM,SEBIUM MAT CONTROL,30 ml,Care,123,"€ 2,470",272.73%,468%
ApoDiscounter,ATODERM,ATODERM INTENSIVE EYE,100 ml,Care,121,"€ 2,484",37.50%,50%
TNA,SENSIBIO,SENSIBIO DEFENSIVE,40 ml,Care,120,"€ 1,313",0.00%,0%
DocMorris,ATODERM,ATODERM INTENSIVE EYE,100 ml,Care,119,"€ 3,218",526.32%,804%
TNA,HYDRABIO,HYDRABIO GEL-CREAM,40 ml,Care,117,"€ 3,614",0.00%,0%
MedPex,PHOTODERM,PHOTODERM AR SPF 50+,30 ml,Sun Care,115,"€ 4,295",248.48%,650%
Shop Apotheke,ATODERM,ATODERM INTENSIVE GEL-CREAM,200 ml,Care,115,"€ 1,762",-16.67%,-15%
TNA,SEBIUM,SEBIUM H2O PUMP,500 ml,Cleansing,114,"€ 1,474",0.00%,0%
MedPex,SENSIBIO,SENSIBIO EYE,15 ml,Care,114,"€ 3,085",78.13%,247%
ApoDiscounter,PHOTODERM,PHOTODERM AUTOBRONZANT,150 ml,Sun Care,112,"€ 1,165",20.43%,-5%
MedPex,HYDRABIO,HYDRABIO TONIQUE,250 ml,Care,110,"€ 2,779",189.47%,499%
MedPex,SENSIBIO,SENSIBIO DEFENSIVE RICH,40 ml,Care,109,"€ 2,166",136.96%,214%
Shop Apotheke,HYDRABIO,HYDRABIO HYALU+ SERUM,30 ml,Care,109,"€ 2,977",-9.17%,-6%
ApoDiscounter,SEBIUM,SEBIUM SENSITIVE,30 ml,Care,108,"€ 2,669",217.65%,467%
MPK,ATODERM,ATODERM GEL DOUCHE,1 l,Cleansing,108,"€ 1,574",92.86%,107%
Shop Apotheke,PIGMENTBIO,PIGMENTBIO NIGHT RENEWER,50 ml,Care,108,"€ 2,628",671.43%,671%
ApoDiscounter,SEBIUM,SEBIUM MAT CONTROL,30 ml,Care,106,"€ 2,111",-16.54%,26%
MedPex,SENSIBIO,SENSIBIO AR+ CREME,40 ml,Care,106,"€ 6,835",0.00%,0%
MedPex,SEBIUM,SEBIUM GEL MOUSSANT,500 ml,Cleansing,105,"€ 3,107",288.89%,667%
Zalando,SENSIBIO,SENSIBIO GEL MOUSSANT,100 ml,Cleansing,105,"€ 1,131",1650.00%,3042%
TNA,HYDRABIO,HYDRABIO CREAM,50 ml,Care,103,"€ 1,566",0.00%,0%
Shop Apotheke,ATODERM,ATODERM HUILE DE DOUCHE,500 ml,Cleansing,103,"€ 1,422",0.00%,0%
ApoDiscounter,SENSIBIO,SENSIBIO H2O,250 ml,Cleansing,102,"€ 4,558",920.00%,4749%
DocMorris,HYDRABIO,HYDRABIO SERUM,40 ml,Care,102,"€ 3,267",24.39%,94%
Shop Apotheke,SEBIUM,SEBIUM H2O,100 ml,Cleansing,102,€ 606,-53.21%,-53%
ApoDiscounter,ATODERM,ATODERM LEVRES,15 ml,Care,101,"€ 1,051",-9.82%,28%
MPK,SENSIBIO,SENSIBIO GEL MOUSSANT,100 ml,Cleansing,101,€ 793,13.48%,50%
Zalando,ATODERM,ATODERM CREAM ULTRA,500 ml,Care,101,"€ 3,485",2425.00%,5432%
ApoDiscounter,ATODERM,ATODERM INTENSIVE GEL-CREAM,75 ml,Care,100,€ 597,733.33%,522%
ApoDiscounter,PIGMENTBIO,PIGMENTBIO SENSITIVE AREAS,75 ml,Care,100,"€ 6,649",0.00%,0%
ApoDiscounter,ATODERM,ATODERM GEL DOUCHE,1 l,Cleansing,99,"€ 1,642",-16.10%,2%
DocMorris,CICABIO,CICABIO CREAM+ SPF 50+,30  ml,Care,99,"€ 1,821",3200.00%,5591%
MPK,PHOTODERM,PHOTODERM AQUAFLUIDE SPF 50+,40 ml,Sun Care,99,"€ 2,452",160.53%,311%
Shop Apotheke,SEBIUM,SEBIUM AKNE SET,75 ml,Multiple,99,"€ 1,474",0.00%,0%
ApoDiscounter,SENSIBIO,SENSIBIO H2O EYE,125 ml,Cleansing,98,€ 952,-24.62%,-41%
DocMorris,PHOTODERM,PHOTODERM AKN MAT SPF 30,40 ml,Sun Care,98,"€ 2,210",716.67%,963%
TNA,SENSIBIO,SENSIBIO H2O,250 ml,Cleansing,97,€ 850,0.00%,0%
DocMorris,PHOTODERM,PHOTODERM MINERAL FLUIDE SPF 50+,75 g,Sun Care,97,"€ 1,950",1516.67%,1850%
Shop Apotheke,PHOTODERM,PHOTODERM AUTOBRONZANT,150 ml,Sun Care,97,"€ 1,319",-3.00%,0%
Shop Apotheke,PIGMENTBIO,PIGMENTBIO H2O,250 ml,Cleansing,97,"€ 1,008",273.08%,273%
Zalando,SEBIUM,SEBIUM HYDRA,40 ml,Care,97,"€ 4,986",3133.33%,12365%
Zalando,SENSIBIO,SENSIBIO H2O PUMP,500 ml,Cleansing,97,"€ 1,945",1112.50%,1494%
Shop Apotheke,SEBIUM,SEBIUM NIGHT PEEL,40 ml,Care,95,"€ 1,710",-9.52%,-6%
DocMorris,ATODERM,ATODERM GEL DOUCHE,1 l,Cleansing,94,"€ 2,065",276.00%,507%
DocMorris,ATODERM,ATODERM HUILE DE DOUCHE,200 ml,Cleansing,94,€ 775,141.03%,111%
DocMorris,SEBIUM,SEBIUM SENSITIVE,30 ml,Care,94,"€ 2,863",754.55%,1784%
MedPex,SEBIUM,SEBIUM PORE REFINER,30 ml,Care,94,"€ 3,072",261.54%,688%
MPK,HYDRABIO,HYDRABIO TONIQUE,250 ml,Care,94,"€ 1,137",-6.93%,-8%
ApoDiscounter,ATODERM,ATODERM INTENSIVE BAUME,200 ml,Care,93,"€ 1,447",-22.50%,-20%
ApoDiscounter,NODE,NODE K,150 ml,Care,93,"€ 1,417",-16.22%,-1%
MedPex,HYDRABIO,HYDRABIO SERUM,40 ml,Care,93,"€ 3,091",66.07%,168%
MedPex,SENSIBIO,SENSIBIO DS+ CREAM,40 ml,Care,93,"€ 2,820",151.35%,408%
MPK,ATODERM,ATODERM HUILE DE DOUCHE,1 l,Care,92,"€ 1,755",-4.17%,1%
ApoDiscounter,SENSIBIO,SENSIBIO LAIT,250 ml,Care,91,"€ 1,037",56.90%,43%
DocMorris,HYDRABIO,HYDRABIO GEL-CREAM,40 ml,Care,91,"€ 2,659",82.00%,219%
ApoDiscounter,ATODERM,ATODERM GEL DOUCHE,500 ml,Cleansing,90,€ 758,-42.68%,-50%
Shop Apotheke,SENSIBIO,SENSIBIO LAIT,250 ml,Care,90,"€ 1,152",-44.79%,-43%
ApoDiscounter,ATODERM,ATODERM INTENSIVE BAUME,75 ml,Care,89,€ 860,-33.08%,-19%
TNA,PHOTODERM,PHOTODERM AQUAFLUIDE INVISIBLE SPF 50+,40 ml,Sun Care,89,"€ 1,457",0.00%,0%
TNA,SEBIUM,SEBIUM HYDRA,40 ml,Care,89,"€ 7,772",0.00%,0%
TNA,SENSIBIO,SENSIBIO DEFENSIVE RICH,40 ml,Care,88,"€ 2,358",0.00%,0%
MedPex,ATODERM,ATODERM LEVRES,15 ml,Care,88,"€ 1,148",125.64%,301%
TNA,HYDRABIO,HYDRABIO SERUM,40 ml,Care,87,"€ 1,650",,
MPK,ATODERM,ATODERM STICK LEVRES,4 g,Care,87,€ 656,-36.96%,5%
MPK,SENSIBIO,SENSIBIO DEFENSIVE RICH,40 ml,Care,87,"€ 1,147",29.85%,14%
ApoDiscounter,PHOTODERM,PHOTODERM PEDIATRICS SPRAY SPF 50+,200 ml,Sun Care,86,"€ 1,969",40.98%,55%
Shop Apotheke,SEBIUM,SEBIUM HYDRA CLEANSER,200 ml,Cleansing,86,"€ 1,135",0.00%,0%
DocMorris,SEBIUM,SEBIUM H2O,500 ml,Cleansing,85,"€ 2,602",844.44%,2015%
MPK,ATODERM,ATODERM LEVRES,15 ml,Care,85,"€ 2,979",2.41%,390%
MPK,CICABIO,CICABIO CREAM+,40 ml,Care,85,€ 756,269.57%,265%
MPK,SEBIUM,SEBIUM PORE REFINER,30 ml,Care,85,"€ 1,399",14.86%,26%
MedPex,ATODERM,ATODERM CREAM ULTRA,500 ml,Care,82,"€ 3,650",382.35%,1272%
MPK,SENSIBIO,SENSIBIO AR CREAM,40 ml,Care,82,"€ 1,614",-76.23%,-74%
Shop Apotheke,PIGMENTBIO,PIGMENTBIO C-CONCENTRATE,15 ml,Care,82,"€ 2,281",645.45%,645%
Zalando,SEBIUM,SEBIUM GEL MOUSSANT,500 ml,Cleansing,81,"€ 3,044",440.00%,1253%
DocMorris,SEBIUM,SEBIUM GEL GOMMANT,100 ml,Cleansing,79,"€ 1,118",243.48%,298%
MedPex,ATODERM,ATODERM INTENSIVE EYE,100 ml,Care,79,"€ 2,983",229.17%,563%
MedPex,SEBIUM,SEBIUM MAT CONTROL,30 ml,Care,79,"€ 2,173",229.17%,585%
MedPex,SEBIUM,SEBIUM H2O DUO,2X500 ml,Cleansing,79,"€ 1,131",229.17%,151%
Shop Apotheke,ATODERM,ATODERM PP BAUME,200 ml,Care,79,"€ 1,097",23.44%,26%
Shop Apotheke,SENSIBIO,SENSIBIO AR+ BI-SERUM,30 ml,Care,79,"€ 2,199",0.00%,0%
ApoDiscounter,SEBIUM,SEBIUM GLOBAL,30 ml,Care,78,"€ 1,082",-13.33%,-13%
Shop Apotheke,PHOTODERM,PHOTODERM APRES-SOLEIL,200 ml,Sun Care,77,"€ 1,015",266.67%,266%
Shop Apotheke,PHOTODERM,PHOTODERM AQUAFLUIDE TINTED SPF 50+,40 ml,Sun Care,77,"€ 1,271",-50.64%,-48%
DocMorris,ATODERM,ATODERM INTENSIVE GEL-CREAM,500 ml,Care,76,"€ 2,038",162.07%,210%
MedPex,CICABIO,CICABIO CREAM+,40 ml,Care,76,"€ 1,560",1800.00%,4233%
Shop Apotheke,PHOTODERM,PHOTODERM SPRAY SPF 50+,200 ml,Sun Care,76,"€ 1,373",-11.63%,-12%
ApoDiscounter,HYDRABIO,HYDRABIO HYALU+ SERUM,30 ml,Care,75,"€ 1,379",-21.05%,-45%
ApoDiscounter,SENSIBIO,SENSIBIO DEFENSIVE SERUM,30 ml,Care,75,"€ 2,429",-42.31%,-29%
MPK,ATODERM,ATODERM INTENSIVE EYE,100 ml,Care,75,"€ 1,508",10.29%,18%
ApoDiscounter,SEBIUM,SEBIUM GEL MOUSSANT,200 ml,Cleansing,72,"€ 1,139",10.77%,54%
DocMorris,PHOTODERM,PHOTODERM CRÈME SPF 50+,40 ml,Sun Care,72,"€ 1,273",1100.00%,1254%
MPK,HYDRABIO,HYDRABIO H2O DUO,2X500 ml,Cleansing,72,"€ 1,660",1.41%,25%
ApoDiscounter,SEBIUM,SEBIUM H2O,500 ml,Cleansing,71,"€ 2,182",0.00%,126%
ApoDiscounter,PHOTODERM,PHOTODERM AKN MAT SPF 30,40 ml,Sun Care,70,"€ 1,279",-10.26%,-6%
ApoDiscounter,PHOTODERM,PHOTODERM SPOT-AGE SPF 50+,40 ml,Sun Care,69,"€ 1,379",-33.01%,-23%
DocMorris,ATODERM,ATODERM INTENSIVE BAUME,75 ml,Care,69,€ 949,146.43%,324%
ApoDiscounter,SEBIUM,SEBIUM GEL MOUSSANT,100 ml,Cleansing,68,€ 535,74.36%,131%
DocMorris,SEBIUM,SEBIUM GLOBAL,30 ml,Care,68,"€ 1,369",466.67%,720%
DocMorris,HYDRABIO,HYDRABIO CREAM,50 ml,Care,67,"€ 1,427",9.84%,30%
DocMorris,SENSIBIO,SENSIBIO MASK,75 ml,Cleansing,67,"€ 1,986",168.00%,384%
DocMorris,NODE,NODE FLUIDE,200 ml,Care,66,"€ 1,076",371.43%,782%
MedPex,SENSIBIO,SENSIBIO DEFENSIVE,40 ml,Care,65,"€ 2,591",209.52%,723%
DocMorris,SENSIBIO,SENSIBIO AR CREAM,40 ml,Care,64,"€ 1,282",-12.33%,-1%
MPK,PHOTODERM,PHOTODERM MINERAL FLUIDE SPF 50+,75 g,Sun Care,64,"€ 1,209",220.00%,263%
ApoDiscounter,ATODERM,ATODERM INTENSIVE GEL-CREAM,500 ml,Care,63,"€ 1,744",-46.61%,-35%
ApoDiscounter,SENSIBIO,SENSIBIO GEL MOUSSANT,100 ml,Cleansing,63,€ 816,530.00%,1260%
ApoDiscounter,HYDRABIO,HYDRABIO H2O,500 ml,Cleansing,62,€ 894,-1.59%,4%
ApoDiscounter,SENSIBIO,SENSIBIO AR+ BI-SERUM,30 ml,Care,62,"€ 1,734",0.00%,0%
MPK,ATODERM,ATODERM INTENSIVE BAUME,200 ml,Care,61,€ 869,-1.61%,-7%
MPK,HYDRABIO,HYDRABIO SERUM,40 ml,Care,61,"€ 1,538",-46.02%,-34%
MPK,SEBIUM,SEBIUM SENSITIVE,30 ml,Care,61,€ 747,32.61%,17%
Shop Apotheke,PHOTODERM,PHOTODERM X-DEFENSE INVISIBLE SPF 50+,40 ml,Sun Care,61,"€ 1,015",0.00%,0%
DocMorris,SENSIBIO,SENSIBIO DEFENSIVE SERUM,30 ml,Care,60,"€ 3,689",566.67%,1450%
Shop Apotheke,ATODERM,ATODERM GEL DOUCHE,100 ml,Cleansing,60,€ 288,30.43%,38%
TNA,ATODERM,ATODERM CREAM ULTRA,500 ml,Care,59,€ 311,0.00%,0%
DocMorris,SEBIUM,SEBIUM GEL MOUSSANT ACTIF,200 ml,Cleansing,59,"€ 1,260",247.06%,473%
MedPex,SENSIBIO,SENSIBIO H2O,250 ml,Cleansing,59,"€ 1,686",51.28%,359%
MPK,HYDRABIO,HYDRABIO GEL-CREAM,40 ml,Care,59,"€ 1,386",-28.92%,0%
MPK,NODE,NODE DS+,125 ml,Care,59,"€ 1,256",0.00%,65%
Zalando,ATODERM,ATODERM GEL DOUCHE,1 l,Cleansing,59,"€ 3,864",2850.00%,14211%
ApoDiscounter,PIGMENTBIO,PIGMENTBIO DAILY CARE SPF 50+,40 ml,Care,58,"€ 1,275",0.00%,0%
DocMorris,ATODERM,ATODERM INTENSIVE BAUME,200 ml,Care,58,"€ 1,324",114.81%,227%
MedPex,ATODERM,ATODERM MAINS & ONGLES,50 ml,Care,58,€ 959,241.18%,990%
MedPex,ATODERM,ATODERM GEL DOUCHE,500 ml,Cleansing,58,"€ 1,286",141.67%,452%
Zalando,PHOTODERM,PHOTODERM AR SPF 50+,30 ml,Sun Care,58,"€ 2,571",544.44%,1548%
ApoDiscounter,SEBIUM,SEBIUM H2O DUO,2X500 ml,Cleansing,56,€ 401,-82.22%,-93%
MedPex,HYDRABIO,HYDRABIO GEL-CREAM,40 ml,Care,56,"€ 2,147",124.00%,416%
ApoDiscounter,PHOTODERM,PHOTODERM AQUAFLUIDE TINTED SPF 50+,40 ml,Sun Care,55,€ 465,-12.70%,-53%
DocMorris,HYDRABIO,HYDRABIO H2O,500 ml,Cleansing,55,€ 903,358.33%,454%
MedPex,ATODERM,ATODERM INTENSIVE BAUME,75 ml,Care,55,"€ 3,219",205.56%,2135%
MPK,PHOTODERM,PHOTODERM PEDIATRICS SPRAY SPF 50+,200 ml,Sun Care,55,"€ 1,197",103.70%,113%
DocMorris,CICABIO,CICABIO CREAM+,40 ml,Care,54,"€ 1,319",5300.00%,14556%
MedPex,ATODERM,ATODERM INTENSIVE GEL-CREAM,500 ml,Care,54,"€ 1,768",500.00%,762%
MedPex,CICABIO,CICABIO CREAM+ SPF 50+,30  ml,Care,54,"€ 1,835",390.91%,1455%
MedPex,HYDRABIO,HYDRABIO CREAM,50 ml,Care,54,"€ 1,300",200.00%,301%
ApoDiscounter,ATODERM,ATODERM CREAM ULTRA PUMP,200 ml,Care,53,€ 964,0.00%,0%
ApoDiscounter,ATODERM,ATODERM STICK LEVRES,4 g,Care,53,€ 486,-47.52%,6%
ApoDiscounter,PHOTODERM,PHOTODERM MINERAL FLUIDE SPF 50+,75 g,Sun Care,53,"€ 2,348",29.27%,243%
MPK,HYDRABIO,HYDRABIO CREAM,50 ml,Care,53,€ 907,-25.35%,-29%
ApoDiscounter,SEBIUM,SEBIUM GEL MOUSSANT ACTIF,200 ml,Cleansing,52,€ 676,-59.69%,-59%
TNA,ATODERM,ATODERM HUILE DE DOUCHE,1 l,Cleansing,52,€ 943,0.00%,0%
MPK,ATODERM,ATODERM CREAM ULTRA PUMP,200 ml,Care,52,"€ 1,161",0.00%,0%
MPK,SENSIBIO,SENSIBIO GEL MOUSSANT,200 ml,Cleansing,52,€ 691,-5.45%,9%
Shop Apotheke,ATODERM,ATODERM HUILE DE DOUCHE,200 ml,Cleansing,52,€ 491,-78.24%,-78%
DocMorris,SENSIBIO,SENSIBIO LAIT,250 ml,Care,51,€ 800,240.00%,328%
MPK,HYDRABIO,HYDRABIO PERFECTEUR SPF 30,40 ml,Care,51,"€ 1,229",-20.31%,6%
MPK,SEBIUM,SEBIUM MAT CONTROL,30 ml,Care,51,€ 712,18.60%,26%
Shop Apotheke,PHOTODERM,PHOTODERM X-DEFENSE TINTED LIGHT SPF 50+,40 ml,Sun Care,51,€ 848,0.00%,0%
ApoDiscounter,ATODERM,ATODERM HUILE DE DOUCHE,500 ml,Cleansing,50,€ 987,0.00%,0%
DocMorris,ATODERM,ATODERM PP BAUME,200 ml,Care,50,€ 846,284.62%,378%
ApoDiscounter,PHOTODERM,PHOTODERM CRÈME TINTED SPF 50+,40 ml,Sun Care,49,"€ 1,204",75.00%,174%
DocMorris,ATODERM,ATODERM GEL DOUCHE,500 ml,Cleansing,49,€ 689,206.25%,345%
MedPex,SENSIBIO,SENSIBIO GEL MOUSSANT,200 ml,Cleansing,49,"€ 2,353",96.00%,717%
Shop Apotheke,HYDRABIO,HYDRABIO H2O,250 ml,Cleansing,49,€ 491,-31.94%,-27%
Zalando,ATODERM,ATODERM HUILE DE DOUCHE,1 l,Care,49,"€ 3,694",512.50%,2465%
Zalando,SEBIUM,SEBIUM PORE REFINER,30 ml,Care,49,"€ 2,447",4800.00%,16213%
ApoDiscounter,HYDRABIO,HYDRABIO H2O,250 ml,Cleansing,48,€ 442,140.00%,135%
DocMorris,HYDRABIO,HYDRABIO H2O DUO,2X500 ml,Cleansing,48,"€ 2,019",336.36%,880%
ApoDiscounter,PHOTODERM,PHOTODERM X-DEFENSE INVISIBLE SPF 50+,40 ml,Sun Care,47,€ 802,0.00%,0%
ApoDiscounter,SENSIBIO,SENSIBIO MICELLAR CLEANSING OIL,150 ml,Cleansing,47,"€ 1,024",0.00%,0%
MedPex,HYDRABIO,HYDRABIO H2O DUO,2X500 ml,Cleansing,47,"€ 2,095",62.07%,285%
DocMorris,PHOTODERM,PHOTODERM SPOT-AGE SPF 50+,40 ml,Sun Care,46,"€ 1,164",228.57%,379%
ApoDiscounter,NODE,NODE DS+,125 ml,Care,45,"€ 1,825",-16.67%,163%
TNA,PIGMENTBIO,PIGMENTBIO FOAMING CREAM,200 ml,Cleansing,45,"€ 1,806",0.00%,0%
MedPex,PHOTODERM,PHOTODERM CRÈME SPF 50+,40 ml,Sun Care,45,"€ 1,739",542.86%,1481%
MedPex,SENSIBIO,SENSIBIO GEL MOUSSANT,100 ml,Cleansing,45,€ 781,114.29%,525%
ApoDiscounter,ATODERM,ATODERM PP BAUME,200 ml,Care,44,€ 831,7.32%,49%
Shop Apotheke,HYDRABIO,HYDRABIO H2O,100 ml,Cleansing,44,€ 260,-57.28%,-54%
ApoDiscounter,CICABIO,CICABIO ARNICA+,40 ml,Care,43,€ 307,59.26%,26%
ApoDiscounter,NODE,NODE FLUIDE,200 ml,Care,43,€ 926,-21.82%,93%
MPK,SEBIUM,SEBIUM GEL MOUSSANT,200 ml,Cleansing,43,"€ 1,353",-24.56%,110%
DocMorris,NODE,NODE K,150 ml,Care,42,"€ 1,233",366.67%,963%
MedPex,ATODERM,ATODERM GEL DOUCHE,1 l,Cleansing,42,"€ 1,442",110.00%,428%
Shop Apotheke,SEBIUM,SEBIUM KERATO+,30 ml,Care,42,€ 626,-84.03%,-84%
MedPex,NODE,NODE DS+,125 ml,Care,41,"€ 1,568",141.18%,616%
MedPex,PHOTODERM,PHOTODERM MINERAL FLUIDE SPF 50+,75 g,Sun Care,41,"€ 1,866",173.33%,646%
MedPex,SEBIUM,SEBIUM SENSITIVE,30 ml,Care,41,"€ 1,864",412.50%,1579%
MPK,PHOTODERM,PHOTODERM CRÈME SPF 50+,40 ml,Sun Care,41,"€ 1,808",-35.94%,80%
MPK,SENSIBIO,SENSIBIO H2O EYE,125 ml,Cleansing,41,€ 720,17.14%,65%
ApoDiscounter,SEBIUM,SEBIUM SERUM,30 ml,Care,40,"€ 1,400",-36.51%,-16%
Zalando,PHOTODERM,PHOTODERM AQUAFLUIDE SPF 50+,40 ml,Sun Care,40,"€ 1,585",471.43%,1341%
DocMorris,SENSIBIO,SENSIBIO H2O PUMP,500 ml,Cleansing,39,"€ 1,516",2.63%,161%
Shop Apotheke,PHOTODERM,PHOTODERM BRONZ SUN PROTECTIVE WATER SPF 30,200 ml,Sun Care,39,€ 814,0.00%,0%
ApoDiscounter,SEBIUM,SEBIUM GEL GOMMANT,100 ml,Cleansing,37,€ 650,-41.27%,-15%
MedPex,PHOTODERM,PHOTODERM AKN MAT SPF 30,40 ml,Sun Care,37,"€ 1,174",184.62%,419%
MedPex,SENSIBIO,SENSIBIO LAIT,250 ml,Care,37,"€ 1,319",15.63%,231%
MPK,ATODERM,ATODERM INTENSIVE BAUME,75 ml,Care,37,"€ 1,007",-13.95%,193%
Shop Apotheke,SEBIUM,SEBIUM H2O PUMP,500 ml,Cleansing,37,€ 580,-39.34%,-38%
Shop Apotheke,SENSIBIO,SENSIBIO H2O PUMP,850 ml,Cleansing,37,€ 668,208.33%,208%
MedPex,ATODERM,ATODERM INTENSIVE BAUME,200 ml,Care,36,"€ 1,418",44.00%,278%
MPK,ATODERM,ATODERM GEL DOUCHE,500 ml,Cleansing,36,€ 567,-16.28%,36%
MPK,SEBIUM,SEBIUM GLOBAL,30 ml,Care,36,"€ 1,030",-18.18%,69%
MPK,SENSIBIO,SENSIBIO DEFENSIVE SERUM,30 ml,Care,36,€ 949,-16.28%,-16%
Zalando,SEBIUM,SEBIUM GEL MOUSSANT,100 ml,Cleansing,36,€ 720,1100.00%,3900%
ApoDiscounter,SEBIUM,SEBIUM H2O,250 ml,Cleansing,35,"€ 1,061",-10.26%,188%
DocMorris,PIGMENTBIO,PIGMENTBIO DAILY CARE SPF 50+,40 ml,Care,35,€ 750,0.00%,0%
MPK,SEBIUM,SEBIUM GEL MOUSSANT ACTIF,200 ml,Cleansing,35,€ 494,12.90%,24%
ApoDiscounter,ATODERM,ATODERM INTENSIVE GEL MOUSSANT,200 ml,Cleansing,34,"€ 1,535",21.43%,509%
DocMorris,PIGMENTBIO,PIGMENTBIO FOAMING CREAM,200 ml,Cleansing,34,"€ 2,582",0.00%,0%
MedPex,HYDRABIO,HYDRABIO H2O,500 ml,Cleansing,34,"€ 1,230",3.03%,174%
MedPex,SEBIUM,SEBIUM H2O,500 ml,Cleansing,34,"€ 2,091",100.00%,801%
MPK,NODE,NODE K,150 ml,Care,34,"€ 1,318",-5.56%,183%
MPK,SENSIBIO,SENSIBIO MASK,75 ml,Cleansing,34,€ 470,25.93%,6%
TNA,PHOTODERM,PHOTODERM AR SPF 50+,30 ml,Sun Care,33,€ 530,0.00%,0%
MedPex,SENSIBIO,SENSIBIO DEFENSIVE SERUM,30 ml,Care,33,"€ 2,534",230.00%,860%
ApoDiscounter,PHOTODERM,PHOTODERM CRÈME SPF 50+,40 ml,Sun Care,32,"€ 1,483",0.00%,0%
ApoDiscounter,PIGMENTBIO,PIGMENTBIO FOAMING CREAM,200 ml,Cleansing,32,"€ 2,972",0.00%,0%
DocMorris,PHOTODERM,PHOTODERM CRÈME TINTED SPF 50+,40 ml,Sun Care,32,"€ 1,564",540.00%,1880%
DocMorris,SEBIUM,SEBIUM KERATO+,30 ml,Care,32,"€ 2,624",255.56%,1903%
DocMorris,SEBIUM,SEBIUM GEL MOUSSANT,100 ml,Cleansing,32,"€ 7,369",540.00%,24463%
MedPex,SENSIBIO,SENSIBIO H2O EYE,125 ml,Cleansing,32,€ 627,100.00%,215%
ApoDiscounter,PHOTODERM,PHOTODERM SPRAY SPF 50+,200 ml,Sun Care,31,"€ 1,260",-48.33%,16%
MedPex,NODE,NODE FLUIDE,200 ml,Care,31,"€ 1,408",416.67%,2608%
MedPex,PHOTODERM,PHOTODERM SPOT-AGE SPF 50+,40 ml,Sun Care,31,"€ 2,175",24.00%,401%
MPK,ATODERM,ATODERM PP BAUME,200 ml,Care,31,€ 379,3.33%,-7%
MPK,ATODERM,ATODERM INTENSIVE GEL-CREAM,500 ml,Care,31,€ 760,63.16%,76%
MPK,PHOTODERM,PHOTODERM AKN MAT SPF 30,40 ml,Sun Care,31,€ 480,-31.11%,-39%
Zalando,SEBIUM,SEBIUM H2O,500 ml,Cleansing,31,"€ 1,955",3000.00%,13864%
ApoDiscounter,PIGMENTBIO,PIGMENTBIO NIGHT RENEWER,50 ml,Care,30,"€ 2,290",0.00%,0%
DocMorris,PIGMENTBIO,PIGMENTBIO NIGHT RENEWER,50 ml,Care,30,"€ 1,060",0.00%,0%
MedPex,SEBIUM,SEBIUM GLOBAL,30 ml,Care,30,"€ 3,079",50.00%,1008%
MPK,ATODERM,ATODERM INTENSIVE GEL-CREAM,75 ml,Care,30,"€ 7,232",42.86%,4205%
MPK,SEBIUM,SEBIUM KERATO+,30 ml,Care,30,€ 669,-16.67%,27%
MPK,SEBIUM,SEBIUM GEL MOUSSANT,100 ml,Cleansing,30,€ 183,11.11%,13%
MPK,SENSIBIO,SENSIBIO H2O PUMP,500 ml,Cleansing,30,"€ 2,629",-41.18%,238%
Zalando,SEBIUM,SEBIUM SENSITIVE,30 ml,Care,30,"€ 1,828",1400.00%,6429%
ApoDiscounter,SENSIBIO,SENSIBIO H2O PUMP,500 ml,Cleansing,29,"€ 1,260",-36.96%,79%
MedPex,SEBIUM,SEBIUM GEL GOMMANT,100 ml,Cleansing,29,€ 759,163.64%,466%
MedPex,SENSIBIO,SENSIBIO AR CREAM,40 ml,Care,29,€ 516,-58.57%,-59%
MPK,SEBIUM,SEBIUM GEL GOMMANT,100 ml,Cleansing,29,€ 337,-19.44%,-23%
MPK,SEBIUM,SEBIUM H2O,100 ml,Cleansing,29,€ 236,-6.45%,27%
MPK,SEBIUM,SEBIUM H2O,500 ml,Cleansing,29,€ 916,26.09%,194%
TNA,ATODERM,ATODERM INTENSIVE BAUME,200 ml,Care,28,€ 416,0.00%,0%
DocMorris,PHOTODERM,PHOTODERM SPRAY SPF 50+,300 ml,Sun Care,28,€ 336,0.00%,0%
DocMorris,SENSIBIO,SENSIBIO H2O EYE,125 ml,Cleansing,28,€ 642,600.00%,1184%
MPK,PHOTODERM,PHOTODERM AQUAFLUIDE TINTED SPF 50+,40 ml,Sun Care,28,€ 806,3.70%,91%
MedPex,PHOTODERM,PHOTODERM CRÈME TINTED SPF 50+,40 ml,Sun Care,27,"€ 1,010",350.00%,963%
MPK,PHOTODERM,PHOTODERM CRÈME TINTED SPF 50+,40 ml,Sun Care,27,€ 802,-10.00%,70%
TNA,HYDRABIO,HYDRABIO H2O PUMP,500 ml,Cleansing,26,€ 510,,
DocMorris,ATODERM,ATODERM INTENSIVE GEL MOUSSANT,200 ml,Cleansing,26,"€ 1,584",188.89%,1856%
DocMorris,CICABIO,CICABIO ARNICA+,40 ml,Care,26,€ 345,188.89%,326%
Shop Apotheke,HYDRABIO,HYDRABIO H2O PUMP,500 ml,Cleansing,26,€ 407,-57.38%,-56%
Zalando,SENSIBIO,SENSIBIO H2O AR,250 ml,Cleansing,26,"€ 2,309",0.00%,0%
ApoDiscounter,ATODERM,ATODERM HUILE DE DOUCHE,200 ml,Cleansing,25,€ 270,108.33%,141%
ApoDiscounter,HYDRABIO,HYDRABIO H2O,100 ml,Cleansing,25,€ 266,257.14%,565%
MPK,HYDRABIO,HYDRABIO HYALU+ SERUM,30 ml,Care,25,€ 591,31.58%,18%
MPK,SENSIBIO,SENSIBIO LAIT,250 ml,Care,25,€ 811,-37.50%,63%
Zalando,ATODERM,ATODERM MAINS & ONGLES,50 ml,Care,25,€ 661,1150.00%,6510%
Zalando,PHOTODERM,PHOTODERM AUTOBRONZANT,150 ml,Sun Care,25,€ 863,0.00%,0%
Zalando,SENSIBIO,SENSIBIO DEFENSIVE,40 ml,Care,25,"€ 2,060",1150.00%,6767%
MedPex,PIGMENTBIO,PIGMENTBIO C-CONCENTRATE,15 ml,Care,24,"€ 2,048",0.00%,0%
MedPex,SENSIBIO,SENSIBIO H2O PUMP,500 ml,Cleansing,24,€ 763,14.29%,138%
ApoDiscounter,SEBIUM,SEBIUM NIGHT PEEL,40 ml,Care,23,€ 511,21.05%,55%
MPK,ATODERM,ATODERM INTENSIVE GEL-CREAM,200 ml,Care,23,€ 356,283.33%,296%
MPK,HYDRABIO,HYDRABIO H2O,100 ml,Cleansing,23,€ 896,76.92%,1111%
TNA,ATODERM,ATODERM INTENSIVE GEL MOUSSANT,200 ml,Cleansing,22,€ 893,0.00%,0%
DocMorris,SEBIUM,SEBIUM GEL MOUSSANT,200 ml,Cleansing,22,€ 925,37.50%,414%
MedPex,HYDRABIO,HYDRABIO HYALU+ SERUM,30 ml,Care,22,"€ 1,978",340.00%,1398%
MPK,PHOTODERM,PHOTODERM X-DEFENSE INVISIBLE SPF 50+,40 ml,Sun Care,22,€ 340,0.00%,0%
TNA,ATODERM,ATODERM INTENSIVE EYE,100 ml,Care,21,€ 561,0.00%,0%
Zalando,SEBIUM,SEBIUM KERATO+,30 ml,Care,21,€ 332,425.00%,472%
ApoDiscounter,ATODERM,ATODERM GEL DOUCHE,100 ml,Cleansing,20,€ 338,53.85%,463%
ApoDiscounter,PHOTODERM,PHOTODERM APRES-SOLEIL,200 ml,Sun Care,20,€ 184,0.00%,0%
ApoDiscounter,SEBIUM,SEBIUM HYDRA CLEANSER,200 ml,Cleansing,20,€ 300,0.00%,0%
DocMorris,HYDRABIO,HYDRABIO PERFECTEUR SPF 30,40 ml,Care,20,"€ 2,317",-33.33%,327%
DocMorris,SENSIBIO,SENSIBIO MICELLAR CLEANSING OIL,150 ml,Cleansing,20,"€ 1,755",0.00%,0%
MedPex,PHOTODERM,PHOTODERM SPRAY SPF 50+,300 ml,Sun Care,20,€ 652,566.67%,579%
MedPex,SENSIBIO,SENSIBIO MASK,75 ml,Cleansing,20,"€ 1,832",25.00%,599%
MPK,HYDRABIO,HYDRABIO H2O,250 ml,Cleansing,20,€ 209,5.26%,17%
MPK,SEBIUM,SEBIUM H2O DUO,2X500 ml,Cleansing,20,€ 483,-77.27%,-71%
MPK,SENSIBIO,SENSIBIO AR+ BI-SERUM,30 ml,Care,20,€ 515,0.00%,0%
Zalando,PHOTODERM,PHOTODERM AKN MAT SPF 30,40 ml,Sun Care,20,€ 764,900.00%,2083%
Zalando,SENSIBIO,SENSIBIO EYE,15 ml,Care,20,"€ 2,036",300.00%,2851%
TNA,SENSIBIO,SENSIBIO H2O,100 ml,Cleansing,19,€ 369,0.00%,0%
DocMorris,ATODERM,ATODERM HUILE DE DOUCHE,100 ml,Cleansing,19,€ 322,533.33%,1689%
DocMorris,PHOTODERM,PHOTODERM AQUAFLUIDE TINTED SPF 50+,40 ml,Sun Care,19,€ 597,850.00%,1826%
MedPex,SEBIUM,SEBIUM KERATO+,30 ml,Care,19,€ 133,533.33%,202%
MPK,PHOTODERM,PHOTODERM AUTOBRONZANT,150 ml,Sun Care,19,"€ 1,468",216.67%,1782%
Zalando,HYDRABIO,HYDRABIO PERFECTEUR SPF 30,40 ml,Care,19,"€ 1,440",216.67%,1233%
ApoDiscounter,ATODERM,ATODERM HUILE DE DOUCHE,100 ml,Cleansing,18,€ 474,-10.00%,295%
TNA,PIGMENTBIO,PIGMENTBIO C-CONCENTRATE,15 ml,Care,18,€ 797,0.00%,0%
MedPex,CICABIO,CICABIO ARNICA+,40 ml,Care,18,€ 341,80.00%,279%
MedPex,PHOTODERM,PHOTODERM BRONZ SUN PROTECTIVE WATER SPF 30,200 ml,Sun Care,18,€ 572,350.00%,589%
MPK,ATODERM,ATODERM HUILE DE DOUCHE,100 ml,Cleansing,18,€ 97,38.46%,24%
MPK,SEBIUM,SEBIUM H2O,250 ml,Cleansing,18,€ 336,-28.00%,42%
DocMorris,SEBIUM,SEBIUM SERUM,30 ml,Care,17,€ 943,750.00%,1679%
MedPex,ATODERM,ATODERM PP BAUME,200 ml,Care,17,€ 485,325.00%,798%
MedPex,ATODERM,ATODERM HUILE DE DOUCHE,200 ml,Cleansing,17,€ 642,13.33%,352%
MedPex,ATODERM,ATODERM INTENSIVE GEL MOUSSANT,200 ml,Cleansing,17,€ 532,70.00%,491%
MPK,ATODERM,ATODERM GEL DOUCHE,100 ml,Cleansing,17,€ 166,70.00%,261%
MPK,CICABIO,CICABIO ARNICA+,40 ml,Care,17,€ 302,-19.05%,60%
MPK,PHOTODERM,PHOTODERM APRES-SOLEIL,200 ml,Sun Care,17,"€ 3,981",-95.87%,-48%
MPK,PHOTODERM,PHOTODERM SPOT-AGE SPF 50+,40 ml,Sun Care,17,€ 461,-37.04%,-1%
Zalando,SENSIBIO,SENSIBIO H2O EYE,125 ml,Cleansing,17,€ 657,1600.00%,5375%
ApoDiscounter,PHOTODERM,PHOTODERM BRONZ SUN PROTECTIVE WATER SPF 30,200 ml,Sun Care,16,€ 298,0.00%,0%
MedPex,PIGMENTBIO,PIGMENTBIO FOAMING CREAM,200 ml,Cleansing,16,"€ 7,140",0.00%,0%
MedPex,SEBIUM,SEBIUM GEL MOUSSANT,200 ml,Cleansing,16,"€ 1,139",6.67%,562%
ApoDiscounter,SEBIUM,SEBIUM H2O,100 ml,Cleansing,15,€ 390,0.00%,0%
MedPex,PHOTODERM,PHOTODERM AUTOBRONZANT,150 ml,Sun Care,15,€ 524,7.14%,185%
MedPex,SENSIBIO,SENSIBIO MICELLAR CLEANSING OIL,150 ml,Cleansing,15,€ 778,650.00%,2410%
MPK,NODE,NODE FLUIDE,200 ml,Care,15,€ 178,-31.82%,-7%
Zalando,ATODERM,ATODERM HUILE DE DOUCHE,100 ml,Cleansing,15,"€ 1,057",150.00%,2836%
Zalando,ATODERM,ATODERM GEL DOUCHE,500 ml,Cleansing,15,€ 462,87.50%,492%
Zalando,SEBIUM,SEBIUM GEL MOUSSANT,200 ml,Cleansing,15,"€ 3,797",275.00%,8154%
DocMorris,SEBIUM,SEBIUM H2O,250 ml,Cleansing,14,€ 996,-41.67%,341%
MedPex,NODE,NODE K,150 ml,Care,14,"€ 1,939",75.00%,1764%
Zalando,HYDRABIO,HYDRABIO H2O,500 ml,Cleansing,14,"€ 1,716",0.00%,0%
Zalando,SENSIBIO,SENSIBIO DEFENSIVE RICH,40 ml,Care,14,"€ 1,202",250.00%,1903%
ApoDiscounter,PHOTODERM,PHOTODERM SPRAY SPF 50+,300 ml,Sun Care,13,€ 191,0.00%,0%
TNA,PIGMENTBIO,PIGMENTBIO H2O,250 ml,Cleansing,13,€ 198,,
DocMorris,HYDRABIO,HYDRABIO H2O,100 ml,Cleansing,13,€ 267,0.00%,0%
DocMorris,SEBIUM,SEBIUM NIGHT PEEL,40 ml,Care,13,€ 763,550.00%,2080%
DocMorris,SEBIUM,SEBIUM HYDRA CLEANSER,200 ml,Cleansing,13,€ 452,0.00%,0%
MPK,ATODERM,ATODERM INTENSIVE GEL MOUSSANT,200 ml,Cleansing,13,€ 882,-23.53%,476%
MPK,HYDRABIO,HYDRABIO H2O,500 ml,Cleansing,13,€ 316,-55.17%,-20%
Zalando,SEBIUM,SEBIUM GEL MOUSSANT ACTIF,200 ml,Cleansing,13,€ 541,116.67%,603%
DocMorris,SEBIUM,SEBIUM H2O,100 ml,Cleansing,12,€ 515,71.43%,1126%
MPK,ATODERM,ATODERM HUILE DE DOUCHE,200 ml,Cleansing,12,€ 233,-47.83%,7%
MPK,ATODERM,ATODERM HUILE DE DOUCHE,500 ml,Cleansing,12,€ 468,0.00%,0%
Zalando,HYDRABIO,HYDRABIO HYALU+ SERUM,30 ml,Care,12,€ 858,500.00%,1519%
Zalando,HYDRABIO,HYDRABIO H2O,250 ml,Cleansing,12,€ 467,0.00%,0%
Zalando,SENSIBIO,SENSIBIO DEFENSIVE SERUM,30 ml,Care,12,"€ 1,858",300.00%,2252%
DocMorris,ATODERM,ATODERM INTENSIVE GEL-CREAM,200 ml,Care,11,€ 372,0.00%,0%
MedPex,ATODERM,ATODERM HUILE DE DOUCHE,100 ml,Cleansing,11,€ 611,175.00%,2446%
MPK,SEBIUM,SEBIUM SERUM,30 ml,Care,11,€ 640,-35.29%,43%
Zalando,SEBIUM,SEBIUM H2O,100 ml,Cleansing,11,€ 355,0.00%,0%
TNA,SEBIUM,SEBIUM KERATO+,30 ml,Care,10,€ 174,,
DocMorris,PHOTODERM,PHOTODERM X-DEFENSE INVISIBLE SPF 50+,40 ml,Sun Care,10,€ 268,0.00%,0%
DocMorris,PIGMENTBIO,PIGMENTBIO C-CONCENTRATE,15 ml,Care,10,"€ 1,113",0.00%,0%
DocMorris,PIGMENTBIO,PIGMENTBIO H2O,250 ml,Cleansing,10,"€ 2,286",0.00%,0%
DocMorris,SENSIBIO,SENSIBIO AR+ BI-SERUM,30 ml,Care,10,€ 280,0.00%,0%
MedPex,HYDRABIO,HYDRABIO H2O,250 ml,Cleansing,10,€ 350,-9.09%,237%
MedPex,SEBIUM,SEBIUM GEL MOUSSANT ACTIF,200 ml,Cleansing,10,€ 568,25.00%,446%
Zalando,ATODERM,ATODERM INTENSIVE BAUME,200 ml,Care,10,"€ 1,011",900.00%,6640%
Zalando,ATODERM,ATODERM HUILE DE DOUCHE,200 ml,Cleansing,10,€ 166,0.00%,0%
Zalando,HYDRABIO,HYDRABIO GEL-CREAM,40 ml,Care,10,"€ 2,357",0.00%,0%
ApoDiscounter,ATODERM,ATODERM INTENSIVE GEL-CREAM,200 ml,Care,9,"€ 7,368",0.00%,0%
ApoDiscounter,HYDRABIO,HYDRABIO H2O PUMP,500 ml,Cleansing,9,€ 181,0.00%,0%
ApoDiscounter,PIGMENTBIO,PIGMENTBIO C-CONCENTRATE,15 ml,Care,9,"€ 2,597",0.00%,0%
DocMorris,ATODERM,ATODERM INTENSIVE GEL-CREAM,75 ml,Care,9,€ 218,125.00%,581%
MedPex,PHOTODERM,PHOTODERM AQUAFLUIDE TINTED SPF 50+,40 ml,Sun Care,9,€ 555,350.00%,1690%
MedPex,SEBIUM,SEBIUM H2O,100 ml,Cleansing,9,€ 335,125.00%,1296%
Zalando,HYDRABIO,HYDRABIO SERUM,40 ml,Care,9,"€ 1,710",800.00%,8043%
DocMorris,HYDRABIO,HYDRABIO HYALU+ SERUM,30 ml,Care,8,€ 591,0.00%,0%
DocMorris,PHOTODERM,PHOTODERM AUTOBRONZANT,150 ml,Sun Care,8,€ 216,-20.00%,65%
MedPex,HYDRABIO,HYDRABIO PERFECTEUR SPF 30,40 ml,Care,8,€ 968,-20.00%,438%
MPK,SENSIBIO,SENSIBIO MICELLAR CLEANSING OIL,150 ml,Cleansing,8,€ 250,700.00%,1567%
Shop Apotheke,PHOTODERM,PHOTODERM PEDIATRICS SPRAY SPF 50+,200 ml,Sun Care,8,€ 167,-55.56%,-56%
Zalando,ATODERM,ATODERM INTENSIVE GEL-CREAM,75 ml,Care,8,€ 702,700.00%,8675%
Zalando,HYDRABIO,HYDRABIO H2O,100 ml,Cleansing,8,"€ 1,285",0.00%,0%
ApoDiscounter,PHOTODERM,PHOTODERM X-DEFENSE TINTED DARK SPF 50+,40 ml,Sun Care,7,€ 150,0.00%,0%
ApoDiscounter,PIGMENTBIO,PIGMENTBIO H2O,250 ml,Cleansing,7,€ 358,0.00%,0%
ApoDiscounter,SEBIUM,SEBIUM H2O PUMP,500 ml,Cleansing,7,€ 126,-63.16%,-57%
ApoDiscounter,SEBIUM,SEBIUM AKNE SET,75 ml,Multiple,7,€ 574,0.00%,0%
DocMorris,ATODERM,ATODERM GEL DOUCHE,100 ml,Cleansing,7,"€ 2,457",250.00%,24470%
DocMorris,SEBIUM,SEBIUM H2O PUMP,500 ml,Cleansing,7,€ 185,40.00%,140%
MedPex,PHOTODERM,PHOTODERM AQUAFLUIDE SPF 50+,40 ml,Sun Care,7,"€ 1,509",-41.67%,703%
MedPex,PHOTODERM,PHOTODERM X-DEFENSE INVISIBLE SPF 50+,40 ml,Sun Care,7,€ 140,0.00%,0%
MedPex,SEBIUM,SEBIUM H2O,250 ml,Cleansing,7,€ 609,-12.50%,701%
MPK,SEBIUM,SEBIUM NIGHT PEEL,40 ml,Care,7,€ 219,0.00%,83%
Zalando,ATODERM,ATODERM GEL DOUCHE,100 ml,Cleansing,7,€ 107,75.00%,494%
Zalando,SENSIBIO,SENSIBIO AR CREAM,40 ml,Care,7,€ 269,133.33%,408%
ApoDiscounter,SEBIUM,SEBIUM KERATO+,30 ml,Care,6,€ 27,-94.59%,-98%
TNA,SENSIBIO,SENSIBIO LIGHT CREAM,40 ml,Care,6,€ 522,0.00%,0%
DocMorris,HYDRABIO,HYDRABIO H2O,250 ml,Cleansing,6,€ 356,-25.00%,375%
DocMorris,PHOTODERM,PHOTODERM BRONZ SUN PROTECTIVE WATER SPF 30,200 ml,Sun Care,6,€ 557,50.00%,571%
DocMorris,PHOTODERM,PHOTODERM AQUAFLUIDE SPF 50+,40 ml,Sun Care,6,"€ 1,253",20.00%,1506%
MedPex,ATODERM,ATODERM GEL DOUCHE,100 ml,Cleansing,6,€ 286,50.00%,1405%
MedPex,HYDRABIO,HYDRABIO H2O,100 ml,Cleansing,6,€ 854,-53.85%,1086%
MedPex,PIGMENTBIO,PIGMENTBIO DAILY CARE SPF 50+,40 ml,Care,6,€ 650,0.00%,0%
MPK,PIGMENTBIO,PIGMENTBIO DAILY CARE SPF 50+,40 ml,Care,6,€ 105,500.00%,400%
MPK,SEBIUM,SEBIUM H2O PUMP,500 ml,Cleansing,6,€ 144,-33.33%,4%
Zalando,ATODERM,ATODERM INTENSIVE GEL-CREAM,200 ml,Care,6,€ 364,100.00%,709%
Zalando,PIGMENTBIO,PIGMENTBIO DAILY CARE SPF 50+,40 ml,Care,6,€ 580,0.00%,0%
DocMorris,ATODERM,ATODERM CREAM ULTRA PUMP,200 ml,Care,5,"€ 1,895",0.00%,0%
DocMorris,PIGMENTBIO,PIGMENTBIO SENSITIVE AREAS,75 ml,Care,5,€ 133,0.00%,0%
MedPex,SEBIUM,SEBIUM GEL MOUSSANT,100 ml,Cleansing,5,"€ 7,270",25.00%,30192%
MPK,HYDRABIO,HYDRABIO MASQUE,75 ml,Cleansing,5,€ 153,-70.59%,-46%
Zalando,ATODERM,ATODERM INTENSIVE BAUME,75 ml,Care,5,€ 749,0.00%,0%
Zalando,SEBIUM,SEBIUM SERUM,30 ml,Care,5,€ 742,150.00%,1300%
Zalando,SEBIUM,SEBIUM H2O,250 ml,Cleansing,5,€ 927,400.00%,10200%
Zalando,SEBIUM,SEBIUM H2O PUMP,500 ml,Cleansing,5,€ 643,150.00%,1974%
ApoDiscounter,ATODERM,ATODERM CREAM ULTRA,200 ml,Care,4,€ 99,-95.18%,-87%
TNA,ATODERM,ATODERM LEVRES,15 ml,Care,4,"€ 1,347",0.00%,0%
TNA,PHOTODERM,PHOTODERM AQUAFLUIDE TINTED LIGHT SPF 50+,40 ml,Sun Care,4,€ 258,0.00%,0%
DocMorris,HYDRABIO,HYDRABIO H2O PUMP,500 ml,Cleansing,4,€ 63,,
MedPex,SEBIUM,SEBIUM SERUM,30 ml,Care,4,€ 724,0.00%,583%
MPK,PHOTODERM,PHOTODERM X-DEFENSE TINTED LIGHT SPF 50+,40 ml,Sun Care,4,€ 140,0.00%,0%
MPK,PIGMENTBIO,PIGMENTBIO NIGHT RENEWER,50 ml,Care,4,€ 515,0.00%,0%
Zalando,ATODERM,ATODERM INTENSIVE BAUME,500 ml,Care,4,"€ 4,837",0.00%,0%
Zalando,ATODERM,ATODERM INTENSIVE GEL-CREAM,500 ml,Care,4,€ 806,0.00%,0%
DocMorris,PHOTODERM,PHOTODERM X-DEFENSE TINTED DARK SPF 50+,40 ml,Sun Care,3,€ 34,0.00%,0%
DocMorris,PHOTODERM,PHOTODERM X-DEFENSE TINTED LIGHT SPF 50+,40 ml,Sun Care,3,€ 347,0.00%,0%
MedPex,ATODERM,ATODERM INTENSIVE GEL-CREAM,75 ml,Care,3,"€ 2,123",50.00%,13169%
MedPex,SEBIUM,SEBIUM NIGHT PEEL,40 ml,Care,3,€ 382,-25.00%,454%
MPK,PHOTODERM,PHOTODERM BRONZ SUN PROTECTIVE WATER SPF 30,200 ml,Sun Care,3,€ 63,,
MPK,PIGMENTBIO,PIGMENTBIO H2O,250 ml,Cleansing,3,€ 85,200.00%,750%
Shop Apotheke,PHOTODERM,PHOTODERM X-DEFENSE TINTED DARK SPF 50+,40 ml,Sun Care,3,€ 50,0.00%,0%
Zalando,SENSIBIO,SENSIBIO MICELLAR CLEANSING OIL,150 ml,Cleansing,3,€ 700,0.00%,0%
ApoDiscounter,PHOTODERM,PHOTODERM X-DEFENSE TINTED LIGHT SPF 50+,40 ml,Sun Care,2,€ 50,0.00%,0%
DocMorris,PHOTODERM,PHOTODERM APRES-SOLEIL,200 ml,Sun Care,2,€ 326,0.00%,0%
DocMorris,PHOTODERM,PHOTODERM PEDIATRICS SPRAY SPF 50+,200 ml,Sun Care,2,€ 82,-77.78%,-56%
MedPex,HYDRABIO,HYDRABIO H2O PUMP,500 ml,Cleansing,2,€ 168,0.00%,0%
MedPex,PHOTODERM,PHOTODERM APRES-SOLEIL,200 ml,Sun Care,2,€ 204,100.00%,1469%
MedPex,PHOTODERM,PHOTODERM PEDIATRICS SPRAY SPF 50+,200 ml,Sun Care,2,€ 238,-85.71%,-18%
MedPex,PIGMENTBIO,PIGMENTBIO NIGHT RENEWER,50 ml,Care,2,"€ 5,720",0.00%,0%
MedPex,PIGMENTBIO,PIGMENTBIO H2O,250 ml,Cleansing,2,"€ 2,336",0.00%,0%
Zalando,ATODERM,ATODERM LEVRES,15 ml,Care,2,€ 617,0.00%,0%
Zalando,PIGMENTBIO,PIGMENTBIO NIGHT RENEWER,50 ml,Care,2,€ 726,0.00%,0%
Zalando,SENSIBIO,SENSIBIO AR BB CREAM SPF 30,40 ml,Care,2,"€ 3,751",0.00%,0%
ApoDiscounter,SENSIBIO,SENSIBIO AR CREAM,40 ml,Care,1,€ 144,-99.79%,-98%
DocMorris,ATODERM,ATODERM CREAM ULTRA,200 ml,Care,1,€ 189,-88.89%,122%
MedPex,ATODERM,ATODERM CREAM ULTRA,200 ml,Care,1,€ 197,-90.91%,91%
MedPex,ATODERM,ATODERM CREAM ULTRA PUMP,200 ml,Care,1,"€ 1,250",0.00%,0%
MedPex,ATODERM,ATODERM INTENSIVE GEL-CREAM,200 ml,Care,1,€ 324,-66.67%,620%
MedPex,PHOTODERM,PHOTODERM X-DEFENSE TINTED DARK SPF 50+,40 ml,Sun Care,1,€ 17,,
MedPex,SEBIUM,SEBIUM H2O PUMP,500 ml,Cleansing,1,€ 209,-75.00%,243%
MPK,CICABIO,CICABIO CREAM+ SPF 50+,30  ml,Care,1,€ 181,-90.91%,52%
MPK,PHOTODERM,PHOTODERM X-DEFENSE TINTED DARK SPF 50+,40 ml,Sun Care,1,€ 139,0.00%,0%
Zalando,SEBIUM,SEBIUM H2O DUO,2X500 ml,Cleansing,1,€ 56,0.00%,0%
ApoDiscounter,CICABIO,CICABIO CREAM SPF 50+,30 ml,Care,0,€ 90,-100.00%,-86%
ApoDiscounter,CICABIO,CICABIO CREAM,40 ml,Care,0,€ 65,-100.00%,-96%
ApoDiscounter,CICABIO,CICABIO POMMADE,40 ml,Care,0,€ 973,-100.00%,2062%
ApoDiscounter,HYDRABIO,HYDRABIO MASQUE,75 ml,Cleansing,0,€ 56,-100.00%,-52%
TNA,HYDRABIO,HYDRABIO TONIQUE,250 ml,Care,0,€ 238,0.00%,0%
DocMorris,CICABIO,CICABIO CREAM SPF 50+,30 ml,Care,0,€ 14,-100.00%,-56%
DocMorris,CICABIO,CICABIO CREAM,40 ml,Care,0,€ 65,-100.00%,-52%
DocMorris,CICABIO,CICABIO POMMADE,40 ml,Care,0,€ 973,-100.00%,501%
DocMorris,HYDRABIO,HYDRABIO MASQUE,75 ml,Cleansing,0,€ 56,-100.00%,-16%
MedPex,CICABIO,CICABIO CREAM SPF 50+,30 ml,Care,0,€ 759,-100.00%,1306%
MedPex,CICABIO,CICABIO CREAM,40 ml,Care,0,€ 150,-100.00%,67%
MedPex,CICABIO,CICABIO POMMADE,40 ml,Care,0,€ 783,-100.00%,263%
MedPex,HYDRABIO,HYDRABIO MASQUE,75 ml,Cleansing,0,€ 41,-100.00%,-78%
MPK,ATODERM,ATODERM CREAM ULTRA,200 ml,Care,0,€ 72,-100.00%,-86%
MPK,CICABIO,CICABIO CREAM SPF 50+,30 ml,Care,0,€ 150,-100.00%,-71%
MPK,CICABIO,CICABIO CREAM,40 ml,Care,0,€ 87,-100.00%,-79%
MPK,CICABIO,CICABIO POMMADE,40 ml,Care,0,€ 0,-100.00%,-100%
MPK,HYDRABIO,HYDRABIO H2O PUMP,500 ml,Cleansing,0,€ 42,-100.00%,40%
MPK,PHOTODERM,PHOTODERM SPRAY SPF 50+,200 ml,Sun Care,0,€ 14,-100.00%,-74%
MPK,PHOTODERM,PHOTODERM MAX AQUAFLUIDE POCKET SPF 50+,30 ml,Sun Care,0,€ 167,-100.00%,1988%
MPK,PHOTODERM,PHOTODERM AQUAFLUIDE TINTED LIGHT SPF 50+,40 ml,Sun Care,0,€ 226,0.00%,0%
MPK,PIGMENTBIO,PIGMENTBIO C-CONCENTRATE,15 ml,Care,0,€ 92,-100.00%,229%
Sanicare,ATODERM,ATODERM HUILE DE DOUCHE,1 l,Care,0,€ 0,-100.00%,-100%
Sanicare,ATODERM,ATODERM INTENSIVE EYE,100 ml,Care,0,€ 0,-100.00%,-100%
Sanicare,ATODERM,ATODERM LEVRES,15 ml,Care,0,€ 0,-100.00%,-100%
Sanicare,ATODERM,ATODERM CREAM ULTRA,200 ml,Care,0,€ 0,-100.00%,-100%
Sanicare,ATODERM,ATODERM INTENSIVE BAUME,200 ml,Care,0,€ 0,-100.00%,-100%
Sanicare,ATODERM,ATODERM INTENSIVE GEL-CREAM,200 ml,Care,0,€ 0,-100.00%,-100%
Sanicare,ATODERM,ATODERM PP BAUME,200 ml,Care,0,€ 0,-100.00%,-100%
Sanicare,ATODERM,ATODERM STICK LEVRES,4 g,Care,0,€ 0,-100.00%,-100%
Sanicare,ATODERM,ATODERM MAINS & ONGLES,50 ml,Care,0,€ 0,-100.00%,-100%
Sanicare,ATODERM,ATODERM CREAM ULTRA,500 ml,Care,0,€ 0,-100.00%,-100%
Sanicare,ATODERM,ATODERM INTENSIVE BAUME,500 ml,Care,0,€ 0,-100.00%,-100%
Sanicare,ATODERM,ATODERM INTENSIVE GEL-CREAM,500 ml,Care,0,€ 0,-100.00%,-100%
Sanicare,ATODERM,ATODERM INTENSIVE BAUME,75 ml,Care,0,€ 0,-100.00%,-100%
Sanicare,ATODERM,ATODERM INTENSIVE GEL-CREAM,75 ml,Care,0,€ 0,-100.00%,-100%
Sanicare,ATODERM,ATODERM GEL DOUCHE,1 l,Cleansing,0,€ 0,-100.00%,-100%
Sanicare,ATODERM,ATODERM GEL DOUCHE,100 ml,Cleansing,0,€ 0,-100.00%,-100%
Sanicare,ATODERM,ATODERM HUILE DE DOUCHE,100 ml,Cleansing,0,€ 0,-100.00%,-100%
Sanicare,ATODERM,ATODERM HUILE DE DOUCHE,200 ml,Cleansing,0,€ 0,-100.00%,-100%
Sanicare,ATODERM,ATODERM GEL DOUCHE,500 ml,Cleansing,0,€ 0,-100.00%,-100%
Sanicare,CICABIO,CICABIO CREAM SPF 50+,30 ml,Care,0,€ 0,-100.00%,-100%
Sanicare,CICABIO,CICABIO ARNICA+,40 ml,Care,0,€ 0,-100.00%,-100%
Sanicare,CICABIO,CICABIO CREAM,40 ml,Care,0,€ 0,-100.00%,-100%
Sanicare,CICABIO,CICABIO POMMADE,40 ml,Care,0,€ 0,-100.00%,-100%
Sanicare,HYDRABIO,HYDRABIO TONIQUE,250 ml,Care,0,€ 0,-100.00%,-100%
Sanicare,HYDRABIO,HYDRABIO HYALU+ SERUM,30 ml,Care,0,€ 0,-100.00%,-100%
Sanicare,HYDRABIO,HYDRABIO GEL-CREAM,40 ml,Care,0,€ 0,-100.00%,-100%
Sanicare,HYDRABIO,HYDRABIO PERFECTEUR SPF 30,40 ml,Care,0,€ 0,-100.00%,-100%
Sanicare,HYDRABIO,HYDRABIO SERUM,40 ml,Care,0,€ 0,-100.00%,-100%
Sanicare,HYDRABIO,HYDRABIO CREAM,50 ml,Care,0,€ 0,-100.00%,-100%
Sanicare,HYDRABIO,HYDRABIO H2O,100 ml,Cleansing,0,€ 0,-100.00%,-100%
Sanicare,HYDRABIO,HYDRABIO H2O,250 ml,Cleansing,0,€ 0,-100.00%,-100%
Sanicare,HYDRABIO,HYDRABIO H2O DUO,2X500 ml,Cleansing,0,€ 0,-100.00%,-100%
Sanicare,HYDRABIO,HYDRABIO MASQUE,75 ml,Cleansing,0,€ 0,-100.00%,-100%
Sanicare,NODE,NODE DS+,125 ml,Care,0,€ 0,-100.00%,-100%
Sanicare,NODE,NODE FLUIDE,200 ml,Care,0,€ 0,-100.00%,-100%
Sanicare,PHOTODERM,PHOTODERM AUTOBRONZANT,150 ml,Sun Care,0,€ 0,-100.00%,-100%
Sanicare,PHOTODERM,PHOTODERM APRES-SOLEIL,200 ml,Sun Care,0,€ 0,-100.00%,-100%
Sanicare,PHOTODERM,PHOTODERM SPRAY SPF 50+,200 ml,Sun Care,0,€ 0,-100.00%,-100%
Sanicare,PHOTODERM,PHOTODERM AR SPF 50+,30 ml,Sun Care,0,€ 0,-100.00%,-100%
Sanicare,PHOTODERM,PHOTODERM AKN MAT SPF 30,40 ml,Sun Care,0,€ 0,-100.00%,-100%
Sanicare,PHOTODERM,PHOTODERM AQUAFLUIDE SPF 50+,40 ml,Sun Care,0,€ 0,-100.00%,-100%
Sanicare,PHOTODERM,PHOTODERM AQUAFLUIDE TINTED SPF 50+,40 ml,Sun Care,0,€ 0,-100.00%,-100%
Sanicare,PHOTODERM,PHOTODERM CRÈME SPF 50+,40 ml,Sun Care,0,€ 0,-100.00%,-100%
Sanicare,PHOTODERM,PHOTODERM CRÈME TINTED SPF 50+,40 ml,Sun Care,0,€ 0,-100.00%,-100%
Sanicare,PHOTODERM,PHOTODERM SPOT-AGE SPF 50+,40 ml,Sun Care,0,€ 0,-100.00%,-100%
Sanicare,PHOTODERM,PHOTODERM MINERAL FLUIDE SPF 50+,75 g,Sun Care,0,€ 0,-100.00%,-100%
Sanicare,SEBIUM,SEBIUM GLOBAL,30 ml,Care,0,€ 0,-100.00%,-100%
Sanicare,SEBIUM,SEBIUM KERATO+,30 ml,Care,0,€ 0,-100.00%,-100%
Sanicare,SEBIUM,SEBIUM MAT CONTROL,30 ml,Care,0,€ 0,-100.00%,-100%
Sanicare,SEBIUM,SEBIUM PORE REFINER,30 ml,Care,0,€ 0,-100.00%,-100%
Sanicare,SEBIUM,SEBIUM SENSITIVE,30 ml,Care,0,€ 0,-100.00%,-100%
Sanicare,SEBIUM,SEBIUM SERUM,30 ml,Care,0,€ 0,-100.00%,-100%
Sanicare,SEBIUM,SEBIUM HYDRA,40 ml,Care,0,€ 0,-100.00%,-100%
Sanicare,SEBIUM,SEBIUM NIGHT PEEL,40 ml,Care,0,€ 0,-100.00%,-100%
Sanicare,SEBIUM,SEBIUM GEL GOMMANT,100 ml,Cleansing,0,€ 0,-100.00%,-100%
Sanicare,SEBIUM,SEBIUM GEL MOUSSANT,100 ml,Cleansing,0,€ 0,-100.00%,-100%
Sanicare,SEBIUM,SEBIUM H2O,100 ml,Cleansing,0,€ 0,-100.00%,-100%
Sanicare,SEBIUM,SEBIUM GEL MOUSSANT,200 ml,Cleansing,0,€ 0,-100.00%,-100%
Sanicare,SEBIUM,SEBIUM GEL MOUSSANT ACTIF,200 ml,Cleansing,0,€ 0,-100.00%,-100%
Sanicare,SEBIUM,SEBIUM H2O,250 ml,Cleansing,0,€ 0,-100.00%,-100%
Sanicare,SEBIUM,SEBIUM H2O DUO,2X500 ml,Cleansing,0,€ 0,-100.00%,-100%
Sanicare,SEBIUM,SEBIUM GEL MOUSSANT,500 ml,Cleansing,0,€ 0,-100.00%,-100%
Sanicare,SEBIUM,SEBIUM H2O,500 ml,Cleansing,0,€ 0,-100.00%,-100%
Sanicare,SEBIUM,SEBIUM H2O PUMP,500 ml,Cleansing,0,€ 0,-100.00%,-100%
Sanicare,SENSIBIO,SENSIBIO EYE,15 ml,Care,0,€ 0,-100.00%,-100%
Sanicare,SENSIBIO,SENSIBIO LAIT,250 ml,Care,0,€ 0,-100.00%,-100%
Sanicare,SENSIBIO,SENSIBIO DEFENSIVE SERUM,30 ml,Care,0,€ 0,-100.00%,-100%
Sanicare,SENSIBIO,SENSIBIO AR BB CREAM SPF 30,40 ml,Care,0,€ 0,-100.00%,-100%
Sanicare,SENSIBIO,SENSIBIO AR CREAM,40 ml,Care,0,€ 0,-100.00%,-100%
Sanicare,SENSIBIO,SENSIBIO DEFENSIVE,40 ml,Care,0,€ 0,-100.00%,-100%
Sanicare,SENSIBIO,SENSIBIO DEFENSIVE RICH,40 ml,Care,0,€ 0,-100.00%,-100%
Sanicare,SENSIBIO,SENSIBIO DS+ CREAM,40 ml,Care,0,€ 0,-100.00%,-100%
Sanicare,SENSIBIO,SENSIBIO GEL MOUSSANT,100 ml,Cleansing,0,€ 0,-100.00%,-100%
Sanicare,SENSIBIO,SENSIBIO H2O,100 ml,Cleansing,0,€ 0,-100.00%,-100%
Sanicare,SENSIBIO,SENSIBIO H2O EYE,125 ml,Cleansing,0,€ 0,-100.00%,-100%
Sanicare,SENSIBIO,SENSIBIO GEL MOUSSANT,200 ml,Cleansing,0,€ 0,-100.00%,-100%
Sanicare,SENSIBIO,SENSIBIO H2O,250 ml,Cleansing,0,€ 0,-100.00%,-100%
Sanicare,SENSIBIO,SENSIBIO H2O AR,250 ml,Cleansing,0,€ 0,-100.00%,-100%
Sanicare,SENSIBIO,SENSIBIO H2O DUO,2X500 ml,Cleansing,0,€ 0,-100.00%,-100%
Sanicare,SENSIBIO,SENSIBIO GEL MOUSSANT,500 ml,Cleansing,0,€ 0,-100.00%,-100%
Sanicare,SENSIBIO,SENSIBIO H2O,500 ml,Cleansing,0,€ 0,-100.00%,-100%
Sanicare,SENSIBIO,SENSIBIO H2O PUMP,500 ml,Cleansing,0,€ 0,-100.00%,-100%
Sanicare,SENSIBIO,SENSIBIO MASK,75 ml,Cleansing,0,€ 0,-100.00%,-100%
Shop Apotheke,ATODERM,ATODERM CREAM,200 ml,Care,0,€ 0,0.00%,0%
Shop Apotheke,ATODERM,ATODERM CREAM ULTRA,200 ml,Care,0,€ 0,-100.00%,-100%
Shop Apotheke,ATODERM,ATODERM SOS SPRAY,200 ml,Care,0,€ 0,0.00%,0%
Shop Apotheke,ATODERM,ATODERM SOS SPRAY,50 ml,Care,0,€ 0,0.00%,0%
Shop Apotheke,ATODERM,ATODERM HUILE DE DOUCHE + INTENSVE BAUME SET,100 ml + 200 ml,Multiple,0,€ 0,0.00%,0%
Shop Apotheke,CICABIO,CICABIO CREAM SPF 50+,30 ml,Care,0,€ 0,-100.00%,-100%
Shop Apotheke,CICABIO,CICABIO CREAM,40 ml,Care,0,€ 0,-100.00%,-100%
Shop Apotheke,CICABIO,CICABIO POMMADE,40 ml,Care,0,€ 0,-100.00%,-100%
Shop Apotheke,HYDRABIO,HYDRABIO LAIT,250 ml,Care,0,€ 0,0.00%,0%
Shop Apotheke,HYDRABIO,HYDRABIO MASQUE,75 ml,Cleansing,0,€ 0,-100.00%,-100%
Shop Apotheke,PHOTODERM,PHOTODERM KID MILK SPF 50+,100 ml,Sun Care,0,€ 0,0.00%,0%
Shop Apotheke,PHOTODERM,PHOTODERM MAX AQUAFLUIDE POCKET SPF 50+,30 ml,Sun Care,0,€ 0,0.00%,0%
Shop Apotheke,PHOTODERM,PHOTODERM AQUAFLUIDE INVISIBLE SPF 50+,40 ml,Sun Care,0,€ 0,0.00%,0%
Shop Apotheke,PHOTODERM,PHOTODERM AQUAFLUIDE TINTED LIGHT SPF 50+,40 ml,Sun Care,0,€ 0,0.00%,0%
Shop Apotheke,PHOTODERM,PHOTODERM SPRAY SPF 50+,400 ml,Sun Care,0,€ 0,0.00%,0%
Zalando,ATODERM,ATODERM INTENSIVE EYE,100 ml,Care,0,"€ 1,560",0.00%,0%
Zalando,ATODERM,ATODERM CREAM ULTRA,200 ml,Care,0,"€ 2,286",-100.00%,5916%
Zalando,ATODERM,ATODERM PP BAUME,200 ml,Care,0,€ 693,0.00%,0%
Zalando,ATODERM,ATODERM STICK LEVRES,4 g,Care,0,€ 727,0.00%,0%
Zalando,ATODERM,ATODERM INTENSIVE GEL MOUSSANT,200 ml,Cleansing,0,€ 269,0.00%,0%
Zalando,CICABIO,CICABIO CREAM+ SPF 50+,30  ml,Care,0,"€ 1,090",0.00%,0%
Zalando,CICABIO,CICABIO ARNICA+,40 ml,Care,0,€ 240,0.00%,0%
Zalando,CICABIO,CICABIO CREAM+,40 ml,Care,0,"€ 1,709",0.00%,0%
Zalando,HYDRABIO,HYDRABIO TONIQUE,250 ml,Care,0,"€ 2,018",0.00%,0%
Zalando,HYDRABIO,HYDRABIO CREAM,50 ml,Care,0,€ 840,0.00%,0%
Zalando,HYDRABIO,HYDRABIO H2O DUO,2X500 ml,Cleansing,0,"€ 1,376",0.00%,0%
Zalando,HYDRABIO,HYDRABIO MASQUE,75 ml,Cleansing,0,€ 396,0.00%,0%
Zalando,NODE,NODE DS+,125 ml,Care,0,"€ 1,120",0.00%,0%
Zalando,NODE,NODE K,150 ml,Care,0,€ 933,0.00%,0%
Zalando,NODE,NODE FLUIDE,200 ml,Care,0,€ 569,0.00%,0%
Zalando,PHOTODERM,PHOTODERM APRES-SOLEIL,200 ml,Sun Care,0,€ 264,0.00%,0%
Zalando,PHOTODERM,PHOTODERM PEDIATRICS SPRAY SPF 50+,200 ml,Sun Care,0,€ 27,0.00%,0%
Zalando,PHOTODERM,PHOTODERM AQUAFLUIDE TINTED SPF 50+,40 ml,Sun Care,0,€ 378,0.00%,0%
Zalando,PHOTODERM,PHOTODERM CRÈME SPF 50+,40 ml,Sun Care,0,€ 476,0.00%,0%
Zalando,PHOTODERM,PHOTODERM CRÈME TINTED SPF 50+,40 ml,Sun Care,0,€ 642,0.00%,0%
Zalando,PHOTODERM,PHOTODERM SPOT-AGE SPF 50+,40 ml,Sun Care,0,"€ 1,443",0.00%,0%
Zalando,PHOTODERM,PHOTODERM MINERAL FLUIDE SPF 50+,75 g,Sun Care,0,"€ 1,676",0.00%,0%
Zalando,PIGMENTBIO,PIGMENTBIO H2O,250 ml,Cleansing,0,€ 546,0.00%,0%
Zalando,SEBIUM,SEBIUM GLOBAL,30 ml,Care,0,€ 551,0.00%,0%
Zalando,SEBIUM,SEBIUM MAT CONTROL,30 ml,Care,0,"€ 1,504",0.00%,0%
Zalando,SEBIUM,SEBIUM NIGHT PEEL,40 ml,Care,0,€ 525,0.00%,0%
Zalando,SEBIUM,SEBIUM GEL GOMMANT,100 ml,Cleansing,0,€ 464,0.00%,0%
Zalando,SENSIBIO,SENSIBIO LAIT,250 ml,Care,0,€ 567,0.00%,0%
Zalando,SENSIBIO,SENSIBIO DS+ CREAM,40 ml,Care,0,"€ 2,313",0.00%,0%
Zalando,SENSIBIO,SENSIBIO MASK,75 ml,Cleansing,0,"€ 1,071",0.00%,0%
