Channel Group,Source,Domain,Date,Funnel,Campaign,Result type,Cost,Results,Result Rate,Cost per Result,Impressions,Clicks,CTR,Reach,Views,ThruPlays,Engagements,Engagement Rate,CPC,CPM,View Rate,CPV,CPE
 Paid Social , meta , Shop Apotheke ,Aug-25,Consideration,de_bio_meta_insta_acq_boosted-post_photoderm_x-defense_awareness,ThruPlay,€ 14,395,25.30%,€ 0.03,"1,564",0,0.00%,"1,559","2,358",395,939,60.00%, € -   ,€ 8.76,16.80%,€ 0.01,€ 0.01
 Paid Social , meta , BIODERMA ,Apr-25,Consideration,de_bio_all_acq_darkpost_sensibio_30-years-sensibio-h2o_consideration,ThruPlay,€ 31,53,2.30%,€ 10.48,"2,313",25,1.10%,"2,246","2,488",53,384,16.60%,€ 1.26,€ 13.60,2.10%,€ 0.01,€ 0.08
 Paid Social , meta , BIODERMA ,Apr-25,Consideration,de_bio_all_acq_darkpost_sensibio_30-years-sensibio-h2o_consideration,ThruPlay,€ 44,74,3.00%,€ 4.85,"2,497",23,0.90%,"2,373","3,939",74,381,15.30%,€ 1.90,€ 17.50,1.90%,€ 0.01,€ 0.11
 Paid Social , meta , BIODERMA ,Apr-25,Consideration,de_bio_all_acq_darkpost_sensibio_30-years-sensibio-h2o_consideration,ThruPlay,€ 41,68,2.70%,€ 5.17,"2,522",24,1.00%,"2,414","3,888",68,366,14.50%,€ 1.72,€ 16.38,1.70%,€ 0.01,€ 0.11
 Paid Social , meta , BIODERMA ,Apr-25,Consideration,de_bio_all_acq_darkpost_sensibio_30-years-sensibio-h2o_consideration,ThruPlay,€ 19,41,2.60%,€ 18.99,"1,559",12,0.80%,"1,485","1,534",41,207,13.30%,€ 1.58,€ 12.18,2.70%,€ 0.01,€ 0.09
 Paid Social , meta , BIODERMA ,Apr-25,Consideration,de_bio_all_acq_darkpost_sensibio_30-years-sensibio-h2o_consideration,ThruPlay,€ 30,35,1.90%,€ 14.76,"1,827",15,0.80%,"1,758","1,929",35,309,16.90%,€ 1.97,€ 16.16,1.80%,€ 0.02,€ 0.10
 Paid Social , meta , BIODERMA ,Apr-25,Consideration,de_bio_all_acq_darkpost_sensibio_30-years-sensibio-h2o_consideration,ThruPlay,€ 29,30,1.90%,€ 9.72,"1,560",20,1.30%,"1,487","1,649",30,339,21.70%,€ 1.46,€ 18.69,1.80%,€ 0.02,€ 0.09
 Paid Social , meta , BIODERMA ,Apr-25,Consideration,de_bio_all_acq_darkpost_sensibio_30-years-sensibio-h2o_consideration,ThruPlay,€ 40,77,2.90%,€ 4.03,"2,632",32,1.20%,"2,477","4,110",77,427,16.20%,€ 1.26,€ 15.31,1.90%,€ 0.01,€ 0.09
 Paid Social , tiktok , - ,May-25,Consideration,de_bio_tiktok_acq_darkpost_sensibio_30-years-sensibio-h2o_consideration,ThruPlay,€ 464,"3,671",1.30%,€ 0.13,"280,175",15,0.00%,"152,385","277,124","3,671",421,2806.70%,€ 30.90,€ 1.65,1.30%,€ 0.13,€ 1.10
 Paid Social , tiktok , - ,May-25,Consideration,de_bio_tiktok_acq_darkpost_sensibio_30-years-sensibio-h2o_consideration,ThruPlay,€ 136,483,0.70%,€ 0.28,"71,362",0,0.00%,"54,128","70,705",483,223,0.00%, € -   ,€ 1.91,0.70%,€ 0.28,€ 0.61
 Paid Social , meta , BIODERMA ,Apr-25,Consideration,de_bio_all_acq_darkpost_sensibio_30-years-sensibio-h2o_consideration,ThruPlay,€ 29,33,2.00%,€ 9.64,"1,626",15,0.90%,"1,580","1,748",33,312,19.20%,€ 1.93,€ 17.79,1.90%,€ 0.02,€ 0.09
 Paid Social , meta , BIODERMA ,Apr-25,Consideration,de_bio_all_acq_darkpost_sensibio_30-years-sensibio-h2o_consideration,ThruPlay,€ 40,66,2.70%,€ 1.66,"2,434",30,1.20%,"2,354","3,831",66,422,17.30%,€ 1.33,€ 16.34,1.70%,€ 0.01,€ 0.09
 Paid Social , meta , BIODERMA ,Apr-25,Consideration,de_bio_all_acq_darkpost_sensibio_30-years-sensibio-h2o_consideration,ThruPlay,€ 28,44,3.00%,€ 4.72,"1,444",26,1.80%,"1,444","1,561",44,326,22.60%,€ 1.09,€ 19.60,2.80%,€ 0.02,€ 0.09
 Paid Social , meta , BIODERMA ,Apr-25,Consideration,de_bio_all_acq_darkpost_sensibio_30-years-sensibio-h2o_consideration,ThruPlay,€ 40,72,3.10%,€ 13.31,"2,294",29,1.30%,"2,164","3,485",72,384,16.70%,€ 1.38,€ 17.40,2.10%,€ 0.01,€ 0.10
 Paid Social , meta , BIODERMA ,Apr-25,Consideration,de_bio_all_acq_darkpost_sensibio_30-years-sensibio-h2o_consideration,ThruPlay,€ 29,40,2.40%,€ 14.32,"1,684",28,1.70%,"1,668","1,790",40,354,21.00%,€ 1.02,€ 17.01,2.20%,€ 0.02,€ 0.08
 Paid Social , meta , BIODERMA ,Apr-25,Consideration,de_bio_all_acq_darkpost_sensibio_30-years-sensibio-h2o_consideration,ThruPlay,€ 40,80,2.90%,€ 13.23,"2,775",27,1.00%,"2,768","4,127",80,391,14.10%,€ 1.47,€ 14.30,1.90%,€ 0.01,€ 0.10
 Paid Social , meta , BIODERMA ,Apr-25,Consideration,de_bio_all_acq_darkpost_sensibio_30-years-sensibio-h2o_consideration,ThruPlay,€ 40,86,2.90%,€ 13.40,"2,943",26,0.90%,"2,855","3,074",86,355,12.10%,€ 1.55,€ 13.66,2.80%,€ 0.01,€ 0.11
 Paid Social , meta , BIODERMA ,Apr-25,Consideration,de_bio_all_acq_darkpost_sensibio_30-years-sensibio-h2o_consideration,ThruPlay,€ 31,39,2.50%,€ 30.62,"1,555",15,1.00%,"1,539","1,657",39,336,21.60%,€ 2.04,€ 19.69,2.40%,€ 0.02,€ 0.09
 Paid Social , meta , BIODERMA ,Apr-25,Consideration,de_bio_all_acq_darkpost_sensibio_30-years-sensibio-h2o_consideration,ThruPlay,€ 31,51,2.40%,€ 10.49,"2,162",25,1.20%,"2,132","2,329",51,407,18.80%,€ 1.26,€ 14.56,2.20%,€ 0.01,€ 0.08
 Paid Social , meta , BIODERMA ,Apr-25,Consideration,de_bio_all_acq_darkpost_sensibio_30-years-sensibio-h2o_consideration,ThruPlay,€ 43,80,2.40%,€ 21.67,"3,337",24,0.70%,"3,206","3,515",80,425,12.70%,€ 1.81,€ 12.99,2.30%,€ 0.01,€ 0.10
 Paid Social , meta , BIODERMA ,Apr-25,Consideration,de_bio_all_acq_darkpost_sensibio_30-years-sensibio-h2o_consideration,ThruPlay,€ 42,82,2.70%,€ 10.42,"3,050",33,1.10%,"2,921","3,171",82,445,14.60%,€ 1.26,€ 13.66,2.60%,€ 0.01,€ 0.09
 Paid Social , meta , BIODERMA ,Apr-25,Consideration,de_bio_all_acq_darkpost_sensibio_30-years-sensibio-h2o_consideration,ThruPlay,€ 20,51,2.90%,€ 19.70,"1,764",12,0.70%,"1,723","1,746",51,247,14.00%,€ 1.64,€ 11.17,2.90%,€ 0.01,€ 0.08
 Paid Social , meta , BIODERMA ,Apr-25,Consideration,de_bio_all_acq_darkpost_sensibio_30-years-sensibio-h2o_consideration,ThruPlay,€ 19,45,2.60%,€ 18.66,"1,715",2,0.10%,"1,684","1,727",45,216,12.60%,€ 9.33,€ 10.88,2.60%,€ 0.01,€ 0.09
 Paid Social , meta , BIODERMA ,Apr-25,Consideration,de_bio_all_acq_darkpost_sensibio_30-years-sensibio-h2o_consideration,ThruPlay,€ 40,92,2.80%,€ 20.17,"3,294",24,0.70%,"3,113","3,410",92,395,12.00%,€ 1.68,€ 12.24,2.70%,€ 0.01,€ 0.10
 Paid Social , meta , BIODERMA ,Apr-25,Consideration,de_bio_all_acq_darkpost_sensibio_30-years-sensibio-h2o_consideration,ThruPlay,€ 30,56,2.90%,€ 7.42,"1,964",22,1.10%,"1,895","2,149",56,373,19.00%,€ 1.35,€ 15.11,2.60%,€ 0.01,€ 0.08
 Paid Social , meta , BIODERMA ,Apr-25,Consideration,de_bio_all_acq_darkpost_sensibio_30-years-sensibio-h2o_consideration,ThruPlay,€ 27,42,2.20%,€ 4.47,"1,884",20,1.10%,"1,787","2,022",42,290,15.40%,€ 1.34,€ 14.23,2.10%,€ 0.01,€ 0.09
 Paid Social , meta , BIODERMA ,Apr-25,Consideration,de_bio_all_acq_darkpost_sensibio_30-years-sensibio-h2o_consideration,ThruPlay,€ 39,83,2.70%,€ 4.92,"3,055",16,0.50%,"2,980","3,198",83,401,13.10%,€ 2.46,€ 12.89,2.60%,€ 0.01,€ 0.10
 Paid Social , meta , BIODERMA ,Apr-25,Consideration,de_bio_all_acq_darkpost_sensibio_30-years-sensibio-h2o_consideration,ThruPlay,€ 18,32,2.10%,€ 4.59,"1,545",8,0.50%,"1,453","1,579",32,206,13.30%,€ 2.29,€ 11.88,2.00%,€ 0.01,€ 0.09
 Paid Social , meta , BIODERMA ,Apr-25,Consideration,de_bio_all_acq_darkpost_sensibio_30-years-sensibio-h2o_consideration,ThruPlay,€ 28,44,2.30%,€ 2.32,"1,907",26,1.40%,"1,862","2,038",44,339,17.80%,€ 1.07,€ 14.57,2.20%,€ 0.01,€ 0.08
 Paid Social , meta , BIODERMA ,Apr-25,Consideration,de_bio_all_acq_darkpost_sensibio_30-years-sensibio-h2o_consideration,ThruPlay,€ 39,84,2.50%,€ 3.54,"3,372",31,0.90%,"3,259","3,592",84,440,13.00%,€ 1.25,€ 11.54,2.30%,€ 0.01,€ 0.09
 Paid Social , meta , BIODERMA ,Apr-25,Consideration,de_bio_all_acq_darkpost_sensibio_30-years-sensibio-h2o_consideration,ThruPlay,€ 18,48,2.90%,€ 1.84,"1,678",9,0.50%,"1,648","1,721",48,242,14.40%,€ 2.04,€ 10.95,2.80%,€ 0.01,€ 0.08
 Paid Social , meta , BIODERMA ,Apr-25,Consideration,de_bio_all_acq_darkpost_sensibio_30-years-sensibio-h2o_consideration,ThruPlay,€ 39,87,2.60%,€ 3.56,"3,292",25,0.80%,"3,221","3,523",87,428,13.00%,€ 1.57,€ 11.90,2.50%,€ 0.01,€ 0.09
 Paid Social , meta , BIODERMA ,Apr-25,Consideration,de_bio_all_acq_darkpost_sensibio_30-years-sensibio-h2o_consideration,ThruPlay,€ 29,46,2.40%,€ 4.12,"1,956",27,1.40%,"1,956","2,099",46,354,18.10%,€ 1.07,€ 14.74,2.20%,€ 0.01,€ 0.08
 Paid Social , meta , BIODERMA ,Mar-25,Consideration,de_bio_all_acq_darkpost_sensibio_30-years-sensibio-h2o_consideration,ThruPlay,€ 30,54,2.50%,€ 3.31,"2,169",30,1.40%,"2,132","2,331",54,367,16.90%,€ 0.99,€ 13.75,2.30%,€ 0.01,€ 0.08
 Paid Social , meta , BIODERMA ,Mar-25,Consideration,de_bio_all_acq_darkpost_sensibio_30-years-sensibio-h2o_consideration,ThruPlay,€ 42,89,2.80%,€ 3.50,"3,142",28,0.90%,"2,980","3,382",89,429,13.70%,€ 1.50,€ 13.35,2.60%,€ 0.01,€ 0.10
 Paid Social , meta , BIODERMA ,Mar-25,Consideration,de_bio_all_acq_darkpost_sensibio_30-years-sensibio-h2o_consideration,ThruPlay,€ 19,42,2.70%,€ 9.53,"1,575",10,0.60%,"1,541","1,613",42,215,13.70%,€ 1.91,€ 12.10,2.60%,€ 0.01,€ 0.09
 Paid Social , meta , BIODERMA ,Mar-25,Consideration,de_bio_all_acq_darkpost_sensibio_30-years-sensibio-h2o_consideration,ThruPlay,€ 20,21,1.90%,€ 9.75,"1,078",7,0.60%,"1,061","1,084",21,186,17.30%,€ 2.79,€ 18.09,1.90%,€ 0.02,€ 0.10
 Paid Social , meta , BIODERMA ,Mar-25,Consideration,de_bio_all_acq_darkpost_sensibio_30-years-sensibio-h2o_consideration,ThruPlay,€ 28,41,1.90%,€ 2.58,"2,147",27,1.30%,"2,052","2,284",41,383,17.80%,€ 1.05,€ 13.24,1.80%,€ 0.01,€ 0.07
 Paid Social , meta , BIODERMA ,Mar-25,Consideration,de_bio_all_acq_darkpost_sensibio_30-years-sensibio-h2o_consideration,ThruPlay,€ 41,71,2.60%,€ 2.74,"2,742",33,1.20%,"2,630","2,919",71,429,15.60%,€ 1.24,€ 14.97,2.40%,€ 0.01,€ 0.10
 Paid Social , meta , BIODERMA ,Mar-25,Consideration,de_bio_all_acq_darkpost_sensibio_30-years-sensibio-h2o_consideration,ThruPlay,€ 20,49,3.40%,€ 3.35,"1,422",10,0.70%,"1,400","1,429",49,242,17.00%,€ 2.01,€ 14.14,3.40%,€ 0.01,€ 0.08
 Paid Social , meta , BIODERMA ,Mar-25,Consideration,de_bio_all_acq_darkpost_sensibio_30-years-sensibio-h2o_consideration,ThruPlay,€ 43,110,3.50%,€ 2.40,"3,116",28,0.90%,"3,099","3,315",110,503,16.10%,€ 1.55,€ 13.88,3.30%,€ 0.01,€ 0.09
 Paid Social , meta , BIODERMA ,Mar-25,Consideration,de_bio_all_acq_darkpost_sensibio_30-years-sensibio-h2o_consideration,ThruPlay,€ 31,61,2.60%,€ 2.85,"2,388",29,1.20%,"2,304","2,565",61,391,16.40%,€ 1.08,€ 13.11,2.40%,€ 0.01,€ 0.08
 Paid Social , meta , BIODERMA ,Mar-25,Consideration,de_bio_all_acq_darkpost_sensibio_30-years-sensibio-h2o_consideration,ThruPlay,€ 28,36,1.90%,€ 2.35,"1,858",26,1.40%,"1,679","2,003",36,350,18.80%,€ 1.08,€ 15.17,1.80%,€ 0.01,€ 0.08
 Paid Social , meta , BIODERMA ,Mar-25,Consideration,de_bio_all_acq_darkpost_sensibio_30-years-sensibio-h2o_consideration,ThruPlay,€ 40,100,3.10%,€ 5.06,"3,201",26,0.80%,"3,173","3,435",100,464,14.50%,€ 1.56,€ 12.63,2.90%,€ 0.01,€ 0.09
 Paid Social , meta , BIODERMA ,Mar-25,Consideration,de_bio_all_acq_darkpost_sensibio_30-years-sensibio-h2o_consideration,ThruPlay,€ 19,41,2.60%,€ 9.42,"1,590",5,0.30%,"1,543","1,631",41,215,13.50%,€ 3.77,€ 11.84,2.50%,€ 0.01,€ 0.09
 Paid Social , meta , BIODERMA ,Mar-25,Consideration,de_bio_all_acq_darkpost_sensibio_30-years-sensibio-h2o_consideration,ThruPlay,€ 40,94,3.00%,€ 3.35,"3,118",36,1.20%,"2,993","3,312",94,460,14.80%,€ 1.12,€ 12.91,2.80%,€ 0.01,€ 0.09
 Paid Social , meta , BIODERMA ,Mar-25,Consideration,de_bio_all_acq_darkpost_sensibio_30-years-sensibio-h2o_consideration,ThruPlay,€ 28,34,2.00%,€ 2.13,"1,713",30,1.80%,"1,565","1,852",34,323,18.90%,€ 0.92,€ 16.14,1.80%,€ 0.01,€ 0.09
 Paid Social , meta , BIODERMA ,Mar-25,Consideration,de_bio_all_acq_darkpost_sensibio_30-years-sensibio-h2o_consideration,ThruPlay,€ 18,28,1.90%,€ 18.14,"1,475",4,0.30%,"1,458","1,465",28,199,13.50%,€ 4.54,€ 12.30,1.90%,€ 0.01,€ 0.09
 Paid Social , meta , BIODERMA ,Mar-25,Consideration,de_bio_all_acq_darkpost_sensibio_30-years-sensibio-h2o_consideration,ThruPlay,€ 40,78,2.70%,€ 6.60,"2,898",22,0.80%,"2,765","3,063",78,378,13.00%,€ 1.80,€ 13.66,2.50%,€ 0.01,€ 0.10
 Paid Social , meta , BIODERMA ,Mar-25,Consideration,de_bio_all_acq_darkpost_sensibio_30-years-sensibio-h2o_consideration,ThruPlay,€ 11,23,2.80%,€ 2.81,827,9,1.10%,783,894,23,158,19.10%,€ 1.25,€ 13.60,2.60%,€ 0.01,€ 0.07
 Paid Social , meta , BIODERMA ,Mar-25,Consideration,de_bio_all_acq_darkpost_sensibio_30-years-sensibio-h2o_consideration,ThruPlay,€ 18,33,2.30%,€ 6.16,"1,436",11,0.80%,"1,382","1,438",33,193,13.40%,€ 1.68,€ 12.87,2.30%,€ 0.01,€ 0.10
 Paid Social , meta , BIODERMA ,Mar-25,Consideration,de_bio_all_acq_darkpost_sensibio_30-years-sensibio-h2o_consideration,ThruPlay,€ 39,77,2.70%,€ 4.38,"2,846",20,0.70%,"2,707","2,898",77,405,14.20%,€ 1.97,€ 13.85,2.70%,€ 0.01,€ 0.10
 Paid Social , meta , BIODERMA ,Mar-25,Consideration,de_bio_all_acq_darkpost_sensibio_30-years-sensibio-h2o_consideration,ThruPlay,€ 42,99,3.20%,€ 1.39,"3,136",32,1.00%,"2,912","3,269",99,476,15.20%,€ 1.30,€ 13.27,3.00%,€ 0.01,€ 0.09
 Paid Social , meta , BIODERMA ,Mar-25,Consideration,de_bio_all_acq_darkpost_sensibio_30-years-sensibio-h2o_consideration,ThruPlay,€ 19,31,2.20%,€ 9.56,"1,431",6,0.40%,"1,392","1,405",31,196,13.70%,€ 3.19,€ 13.35,2.20%,€ 0.01,€ 0.10
 Paid Social , meta , BIODERMA ,Mar-25,Consideration,de_bio_all_acq_darkpost_sensibio_30-years-sensibio-h2o_consideration,ThruPlay,€ 44,101,3.40%,€ 3.38,"2,986",29,1.00%,"2,950","3,147",101,515,17.20%,€ 1.52,€ 14.72,3.20%,€ 0.01,€ 0.09
 Paid Social , meta , BIODERMA ,Mar-25,Consideration,de_bio_all_acq_darkpost_sensibio_30-years-sensibio-h2o_consideration,ThruPlay,€ 20,40,2.60%,€ 5.01,"1,543",9,0.60%,"1,485","1,517",40,238,15.40%,€ 2.23,€ 12.99,2.60%,€ 0.01,€ 0.08
 Paid Social , meta , BIODERMA ,Mar-25,Consideration,de_bio_all_acq_darkpost_sensibio_30-years-sensibio-h2o_consideration,ThruPlay,€ 44,102,3.60%,€ 2.91,"2,837",38,1.30%,"2,696","2,887",102,496,17.50%,€ 1.15,€ 15.40,3.50%,€ 0.02,€ 0.09
 Paid Social , meta , BIODERMA ,Mar-25,Consideration,de_bio_all_acq_darkpost_sensibio_30-years-sensibio-h2o_consideration,ThruPlay,€ 20,29,1.80%,€ 5.09,"1,579",6,0.40%,"1,560","1,511",29,219,13.90%,€ 3.39,€ 12.88,1.90%,€ 0.01,€ 0.09
 Paid Social , meta , BIODERMA ,Mar-25,Consideration,de_bio_all_acq_darkpost_sensibio_30-years-sensibio-h2o_consideration,ThruPlay,€ 20,34,2.50%,€ 10.14,"1,370",9,0.70%,"1,294","1,364",34,203,14.80%,€ 2.25,€ 14.80,2.50%,€ 0.01,€ 0.10
 Paid Social , meta , BIODERMA ,Mar-25,Consideration,de_bio_all_acq_darkpost_sensibio_30-years-sensibio-h2o_consideration,ThruPlay,€ 42,99,3.60%,€ 8.33,"2,757",28,1.00%,"2,577","2,822",99,431,15.60%,€ 1.49,€ 15.10,3.50%,€ 0.01,€ 0.10
 Paid Social , meta , BIODERMA ,Mar-25,Consideration,de_bio_all_acq_darkpost_sensibio_30-years-sensibio-h2o_consideration,ThruPlay,€ 41,99,4.10%,€ 5.16,"2,421",22,0.90%,"2,270","2,540",99,459,19.00%,€ 1.87,€ 17.03,3.90%,€ 0.02,€ 0.09
 Paid Social , meta , BIODERMA ,Mar-25,Consideration,de_bio_all_acq_darkpost_sensibio_30-years-sensibio-h2o_consideration,ThruPlay,€ 19,31,2.60%,€ 2.38,"1,213",17,1.40%,"1,150","1,223",31,231,19.00%,€ 1.12,€ 15.70,2.50%,€ 0.02,€ 0.08
 Paid Social , meta , BIODERMA ,Mar-25,Consideration,de_bio_all_acq_darkpost_sensibio_30-years-sensibio-h2o_consideration,ThruPlay,€ 42,98,3.90%,€ 3.02,"2,507",22,0.90%,"2,385","2,638",98,430,17.20%,€ 1.92,€ 16.88,3.70%,€ 0.02,€ 0.10
 Paid Social , meta , BIODERMA ,Mar-25,Consideration,de_bio_all_acq_darkpost_sensibio_30-years-sensibio-h2o_consideration,ThruPlay,€ 19,31,2.10%,€ 6.35,"1,487",6,0.40%,"1,446","1,502",31,200,13.40%,€ 3.17,€ 12.80,2.10%,€ 0.01,€ 0.10
 Paid Social , meta , BIODERMA ,Mar-25,Consideration,de_bio_all_acq_darkpost_sensibio_30-years-sensibio-h2o_consideration,ThruPlay,€ 40,82,3.70%,€ 4.03,"2,231",32,1.40%,"2,096","2,311",82,444,19.90%,€ 1.26,€ 18.07,3.50%,€ 0.02,€ 0.09
 Paid Social , meta , BIODERMA ,Mar-25,Consideration,de_bio_all_acq_darkpost_sensibio_30-years-sensibio-h2o_consideration,ThruPlay,€ 19,29,2.10%,€ 6.35,"1,361",10,0.70%,"1,343","1,359",29,198,14.50%,€ 1.90,€ 13.99,2.10%,€ 0.01,€ 0.10
 Paid Social , meta , BIODERMA ,Mar-25,Consideration,de_bio_all_acq_darkpost_sensibio_30-years-sensibio-h2o_consideration,ThruPlay,€ 20,28,2.00%,€ 10.00,"1,412",11,0.80%,"1,362","1,437",28,214,15.20%,€ 1.82,€ 14.16,1.90%,€ 0.01,€ 0.09
 Paid Social , meta , BIODERMA ,Mar-25,Consideration,de_bio_all_acq_darkpost_sensibio_30-years-sensibio-h2o_consideration,ThruPlay,€ 42,107,4.20%,€ 3.00,"2,543",30,1.20%,"2,454","2,629",107,469,18.40%,€ 1.40,€ 16.49,4.10%,€ 0.02,€ 0.09
 Paid Social , meta , BIODERMA ,Mar-25,Consideration,de_bio_all_acq_darkpost_sensibio_30-years-sensibio-h2o_consideration,ThruPlay,€ 45,121,4.30%,€ 2.68,"2,826",34,1.20%,"2,605","2,903",121,542,19.20%,€ 1.34,€ 16.10,4.20%,€ 0.02,€ 0.08
 Paid Social , meta , BIODERMA ,Mar-25,Consideration,de_bio_all_acq_darkpost_sensibio_30-years-sensibio-h2o_consideration,ThruPlay,€ 21,49,3.40%,€ 3.53,"1,440",13,0.90%,"1,406","1,448",49,282,19.60%,€ 1.63,€ 14.72,3.40%,€ 0.01,€ 0.08
 Paid Social , meta , BIODERMA ,Mar-25,Consideration,de_bio_all_acq_darkpost_sensibio_30-years-sensibio-h2o_consideration,ThruPlay,€ 43,91,3.10%,€ 3.08,"2,967",28,0.90%,"2,780","3,047",91,498,16.80%,€ 1.54,€ 14.52,3.00%,€ 0.01,€ 0.09
 Paid Social , meta , BIODERMA ,Mar-25,Consideration,de_bio_all_acq_darkpost_sensibio_30-years-sensibio-h2o_consideration,ThruPlay,€ 20,48,2.50%,€ 3.35,"1,884",19,1.00%,"1,850","1,873",48,297,15.80%,€ 1.06,€ 10.65,2.60%,€ 0.01,€ 0.07
 Paid Social , meta , BIODERMA ,Mar-25,Consideration,de_bio_all_acq_darkpost_sensibio_30-years-sensibio-h2o_consideration,ThruPlay,€ 42,89,3.40%,€ 3.22,"2,638",26,1.00%,"2,431","2,683",89,451,17.10%,€ 1.61,€ 15.86,3.30%,€ 0.02,€ 0.09
 Paid Social , meta , BIODERMA ,Mar-25,Consideration,de_bio_all_acq_darkpost_sensibio_30-years-sensibio-h2o_consideration,ThruPlay,€ 19,41,2.40%,€ 6.43,"1,707",9,0.50%,"1,580","1,691",41,272,15.90%,€ 2.14,€ 11.29,2.40%,€ 0.01,€ 0.07
 Paid Social , meta , BIODERMA ,Mar-25,Consideration,de_bio_all_acq_darkpost_sensibio_30-years-sensibio-h2o_consideration,ThruPlay,€ 19,54,3.90%,€ 4.68,"1,382",11,0.80%,"1,314","1,408",54,236,17.10%,€ 1.70,€ 13.54,3.80%,€ 0.01,€ 0.08
 Paid Social , meta , BIODERMA ,Mar-25,Consideration,de_bio_all_acq_darkpost_sensibio_30-years-sensibio-h2o_consideration,ThruPlay,€ 40,94,3.60%,€ 3.37,"2,612",35,1.30%,"2,480","2,688",94,482,18.50%,€ 1.15,€ 15.47,3.50%,€ 0.02,€ 0.08
 Paid Social , meta , BIODERMA ,Mar-25,Consideration,de_bio_all_acq_darkpost_sensibio_30-years-sensibio-h2o_consideration,ThruPlay,€ 41,109,3.30%,€ 1.97,"3,284",42,1.30%,"3,032","3,462",109,565,17.20%,€ 0.98,€ 12.59,3.10%,€ 0.01,€ 0.07
 Paid Social , meta , BIODERMA ,Mar-25,Consideration,de_bio_all_acq_darkpost_sensibio_30-years-sensibio-h2o_consideration,ThruPlay,€ 19,60,3.80%,€ 6.41,"1,595",12,0.80%,"1,501","1,632",60,286,17.90%,€ 1.60,€ 12.05,3.70%,€ 0.01,€ 0.07
 Paid Social , meta , BIODERMA ,Mar-25,Consideration,de_bio_all_acq_darkpost_sensibio_30-years-sensibio-h2o_consideration,ThruPlay,€ 37,107,4.00%,€ 2.20,"2,708",46,1.70%,"2,460","2,861",107,526,19.40%,€ 0.81,€ 13.80,3.70%,€ 0.01,€ 0.07
 Paid Social , meta , BIODERMA ,Mar-25,Consideration,de_bio_all_acq_darkpost_sensibio_30-years-sensibio-h2o_consideration,ThruPlay,€ 19,61,3.90%,€ 19.29,"1,563",9,0.60%,"1,444","1,618",61,285,18.20%,€ 2.14,€ 12.34,3.80%,€ 0.01,€ 0.07
 Paid Social , meta , BIODERMA ,Mar-25,Consideration,de_bio_all_acq_darkpost_sensibio_30-years-sensibio-h2o_consideration,ThruPlay,€ 20,50,3.30%,€ 6.70,"1,499",11,0.70%,"1,378","1,556",50,265,17.70%,€ 1.83,€ 13.41,3.20%,€ 0.01,€ 0.08
 Paid Social , meta , BIODERMA ,Mar-25,Consideration,de_bio_all_acq_darkpost_sensibio_30-years-sensibio-h2o_consideration,ThruPlay,€ 13,27,3.00%,€ 1.90,887,20,2.30%,855,982,27,158,17.80%,€ 0.67,€ 15.01,2.70%,€ 0.01,€ 0.08
 Paid Social , meta , BIODERMA ,Mar-25,Consideration,de_bio_all_acq_darkpost_sensibio_30-years-sensibio-h2o_consideration,ThruPlay,€ 18,50,3.70%,€ 2.97,"1,334",14,1.00%,"1,245","1,370",50,267,20.00%,€ 1.27,€ 13.36,3.60%,€ 0.01,€ 0.07
 Paid Social , meta , BIODERMA ,Mar-25,Consideration,de_bio_all_acq_darkpost_sensibio_30-years-sensibio-h2o_consideration,ThruPlay,€ 17,49,3.50%,€ 5.79,"1,388",11,0.80%,"1,282","1,432",49,300,21.60%,€ 1.58,€ 12.51,3.40%,€ 0.01,€ 0.06
 Paid Social , meta , BIODERMA ,Mar-25,Consideration,de_bio_all_acq_darkpost_sensibio_30-years-sensibio-h2o_consideration,ThruPlay,€ 19,60,3.90%,€ 3.80,"1,541",14,0.90%,"1,388","1,614",60,329,21.30%,€ 1.36,€ 12.33,3.70%,€ 0.01,€ 0.06
 Paid Social , meta , BIODERMA ,May-25,Consideration,de_bio_insta_acq_darkpost_sensibio_30-years-sensibio-h2o_awareness,Engagements,€ 64,"2,640",19.40%,€ 0.02,"13,619",0,0.00%,"12,202","15,917","1,009","2,640",19.40%, € -   ,€ 4.68,6.30%,€ 0.00,€ 0.02
 Paid Social , meta , BIODERMA ,Apr-25,Consideration,de_bio_all_acq_darkpost_sensibio_30-years-sensibio-h2o_consideration,Engagements,€ 20,0,0.00%, € -   ,"1,300",7,0.50%,"1,275","1,299",32,192,14.80%,€ 2.93,€ 15.75,2.50%,€ 0.02,€ 0.11
 Paid Social , meta , BIODERMA ,Apr-25,Consideration,de_bio_all_acq_darkpost_sensibio_30-years-sensibio-h2o_consideration,Engagements,€ 19,0,0.00%, € -   ,"1,503",2,0.10%,"1,487","1,535",36,207,13.80%,€ 9.39,€ 12.50,2.30%,€ 0.01,€ 0.09
 Paid Social , meta , BIODERMA ,Apr-25,Consideration,de_bio_all_acq_darkpost_sensibio_30-years-sensibio-h2o_consideration,Engagements,€ 18,0,0.00%, € -   ,"1,414",7,0.50%,"1,349","1,424",28,217,15.30%,€ 2.60,€ 12.88,2.00%,€ 0.01,€ 0.08
 Paid Social , meta , BIODERMA ,Apr-25,Consideration,de_bio_all_acq_darkpost_sensibio_30-years-sensibio-h2o_consideration,Engagements,€ 18,0,0.00%, € -   ,"1,366",8,0.60%,"1,349","1,398",30,200,14.60%,€ 2.30,€ 13.46,2.10%,€ 0.01,€ 0.09
 Paid Social , meta , BIODERMA ,Apr-25,Consideration,de_bio_all_acq_darkpost_sensibio_30-years-sensibio-h2o_consideration,Engagements,€ 18,0,0.00%, € -   ,"1,882",6,0.30%,"1,845","1,951",33,229,12.20%,€ 3.00,€ 9.57,1.70%,€ 0.01,€ 0.08
 Paid Social , meta , BIODERMA ,Apr-25,Consideration,de_bio_all_acq_darkpost_sensibio_30-years-sensibio-h2o_consideration,Engagements,€ 19,0,0.00%, € -   ,"2,074",7,0.30%,"2,006","2,107",36,217,10.50%,€ 2.69,€ 9.07,1.70%,€ 0.01,€ 0.09
 Paid Social , meta , BIODERMA ,Apr-25,Consideration,de_bio_all_acq_darkpost_sensibio_30-years-sensibio-h2o_consideration,Engagements,€ 20,0,0.00%, € -   ,"1,896",6,0.30%,"1,880","1,914",39,251,13.20%,€ 3.37,€ 10.68,2.00%,€ 0.01,€ 0.08
 Paid Social , meta , BIODERMA ,Apr-25,Consideration,de_bio_all_acq_darkpost_sensibio_30-years-sensibio-h2o_consideration,Engagements,€ 28,0,0.00%, € -   ,"2,023",11,0.50%,"1,990","2,141",41,348,17.20%,€ 2.59,€ 14.06,1.90%,€ 0.01,€ 0.08
 Paid Social , meta , BIODERMA ,Apr-25,Consideration,de_bio_all_acq_darkpost_sensibio_30-years-sensibio-h2o_consideration,Engagements,€ 19,0,0.00%, € -   ,"1,472",6,0.40%,"1,414","1,470",31,176,12.00%,€ 3.10,€ 12.64,2.10%,€ 0.01,€ 0.11
 Paid Social , meta , BIODERMA ,Mar-25,Consideration,de_bio_all_acq_darkpost_sensibio_30-years-sensibio-h2o_consideration,Engagements,€ 19,0,0.00%, € -   ,"1,748",7,0.40%,"1,739","1,803",29,215,12.30%,€ 2.75,€ 11.01,1.60%,€ 0.01,€ 0.09
 Paid Social , meta , BIODERMA ,Mar-25,Consideration,de_bio_all_acq_darkpost_sensibio_30-years-sensibio-h2o_consideration,Engagements,€ 7,0,0.00%, € -   ,541,0,0.00%,513,568,21,138,25.50%, € -   ,€ 12.99,3.70%,€ 0.01,€ 0.05
 Paid Social , meta , BIODERMA ,Dec-24,Consideration,BIO-2024-Dr-Julia-Czechner,Engagements,€ 3,485,61.90%,€ 0.01,783,0,0.00%,775,"1,042",219,485,61.90%, € -   ,€ 3.46,21.00%,€ 0.00,€ 0.01
 Paid Social , meta , BIODERMA ,Dec-24,Consideration,BIO-2024-Dr-Julia-Czechner,Engagements,€ 3,545,65.50%,€ 0.01,832,0,0.00%,828,"1,171",267,545,65.50%, € -   ,€ 3.58,22.80%,€ 0.00,€ 0.01
 Paid Social , meta , BIODERMA ,Dec-24,Consideration,BIO-2024-Dr-Julia-Czechner,Engagements,€ 3,531,63.20%,€ 0.01,840,0,0.00%,810,"1,193",266,531,63.20%, € -   ,€ 3.64,22.30%,€ 0.00,€ 0.01
 Paid Social , meta , BIODERMA ,Dec-24,Consideration,BIO-2024-Dr-Julia-Czechner,Engagements,€ 5,745,57.10%,€ 0.01,"1,304",0,0.00%,"1,298","1,601",306,745,57.10%, € -   ,€ 3.77,19.10%,€ 0.00,€ 0.01
 Paid Social , meta , BIODERMA ,Dec-24,Consideration,BIO-2024-Dr-Julia-Czechner,Engagements,€ 6,984,59.90%,€ 0.01,"1,643",0,0.00%,"1,643","2,024",368,984,59.90%, € -   ,€ 3.57,18.20%,€ 0.00,€ 0.01
 Paid Social , meta , BIODERMA ,Dec-24,Consideration,BIO-2024-Dr-Julia-Czechner,Engagements,€ 6,995,59.90%,€ 0.01,"1,662",1,0.10%,"1,601","2,095",398,995,59.90%,€ 6.06,€ 3.65,19.00%,€ 0.00,€ 0.01
 Paid Social , meta , BIODERMA ,Dec-24,Consideration,BIO-2024-Dr-Julia-Czechner,Engagements,€ 7,"1,131",58.60%,€ 0.01,"1,931",0,0.00%,"1,925","2,339",418,"1,131",58.60%, € -   ,€ 3.46,17.90%,€ 0.00,€ 0.01
 Paid Social , meta , BIODERMA ,Dec-24,Consideration,BIO-2024-Dr-Julia-Czechner,Engagements,€ 7,"1,031",57.20%,€ 0.01,"1,804",0,0.00%,"1,804","2,237",397,"1,031",57.20%, € -   ,€ 3.73,17.70%,€ 0.00,€ 0.01
 Paid Social , meta , BIODERMA ,Dec-24,Consideration,BIO-2024-Dr-Julia-Czechner,Engagements,€ 6,"1,000",61.50%,€ 0.01,"1,627",0,0.00%,"1,573","2,070",380,"1,000",61.50%, € -   ,€ 3.91,18.40%,€ 0.00,€ 0.01
 Paid Social , meta , BIODERMA ,Dec-24,Consideration,BIO-2024-Atoderm,Engagements,€ 3,272,37.80%,€ 0.01,719,0,0.00%,712,755,45,272,37.80%, € -   ,€ 3.69,6.00%,€ 0.00,€ 0.01
 Paid Social , meta , BIODERMA ,Dec-24,Consideration,BIO-2024-Dr-Julia-Czechner,Engagements,€ 6,970,63.00%,€ 0.01,"1,539",0,0.00%,"1,483","1,989",414,970,63.00%, € -   ,€ 4.03,20.80%,€ 0.00,€ 0.01
 Paid Social , meta , BIODERMA ,Dec-24,Consideration,BIO-2024-Atoderm,Engagements,€ 3,270,37.80%,€ 0.01,715,0,0.00%,707,784,44,270,37.80%, € -   ,€ 4.00,5.60%,€ 0.00,€ 0.01
 Paid Social , meta , BIODERMA ,Dec-24,Consideration,BIO-2024-Atoderm,Engagements,€ 3,288,39.00%,€ 0.01,739,0,0.00%,720,761,38,288,39.00%, € -   ,€ 3.98,5.00%,€ 0.00,€ 0.01
 Paid Social , meta , BIODERMA ,Dec-24,Consideration,BIO-2024-Dr-Julia-Czechner,Engagements,€ 6,967,60.60%,€ 0.01,"1,595",0,0.00%,"1,554","1,994",380,967,60.60%, € -   ,€ 3.95,19.10%,€ 0.00,€ 0.01
 Paid Social , meta , BIODERMA ,Dec-24,Consideration,BIO-2024-Atoderm,Engagements,€ 3,274,35.30%,€ 0.01,776,0,0.00%,775,807,39,274,35.30%, € -   ,€ 3.84,4.80%,€ 0.00,€ 0.01
 Paid Social , meta , BIODERMA ,Dec-24,Consideration,BIO-2024-Dr-Julia-Czechner,Engagements,€ 6,984,61.00%,€ 0.01,"1,613",1,0.10%,"1,562","1,997",375,984,61.00%,€ 6.37,€ 3.95,18.80%,€ 0.00,€ 0.01
 Paid Social , meta , BIODERMA ,Dec-24,Consideration,BIO-2024-Atoderm,Engagements,€ 3,247,31.90%,€ 0.01,775,0,0.00%,754,800,30,247,31.90%, € -   ,€ 3.99,3.80%,€ 0.00,€ 0.01
 Paid Social , meta , BIODERMA ,Dec-24,Consideration,BIO-2024-Dr-Julia-Czechner,Engagements,€ 7,956,58.70%,€ 0.01,"1,629",0,0.00%,"1,569","1,989",356,956,58.70%, € -   ,€ 4.00,17.90%,€ 0.00,€ 0.01
 Paid Social , meta , BIODERMA ,Dec-24,Consideration,BIO-2024-Atoderm,Engagements,€ 3,332,38.60%,€ 0.01,859,0,0.00%,822,938,56,332,38.60%, € -   ,€ 4.03,6.00%,€ 0.00,€ 0.01
 Paid Social , meta , BIODERMA ,Dec-24,Consideration,BIO-2024-Dr-Julia-Czechner,Engagements,€ 7,997,58.50%,€ 0.01,"1,703",0,0.00%,"1,657","2,071",360,997,58.50%, € -   ,€ 4.14,17.40%,€ 0.00,€ 0.01
 Paid Social , meta , BIODERMA ,Nov-24,Consideration,BIO-2024-Atoderm,Engagements,€ 3,269,36.80%,€ 0.01,730,0,0.00%,693,780,43,269,36.80%, € -   ,€ 4.66,5.50%,€ 0.00,€ 0.01
 Paid Social , meta , BIODERMA ,Nov-24,Consideration,BIO-2024-Dr-Julia-Czechner,Engagements,€ 23,"2,948",58.40%,€ 0.01,"5,052",1,0.00%,"4,806","6,107","1,136","2,948",58.40%,€ 23.27,€ 4.61,18.60%,€ 0.00,€ 0.01
 Paid Social , meta , BIODERMA ,Nov-24,Consideration,BIO-2024-Atoderm,Engagements,€ 3,231,36.00%,€ 0.01,641,0,0.00%,637,695,34,231,36.00%, € -   ,€ 4.96,4.90%,€ 0.00,€ 0.01
 Paid Social , meta , BIODERMA ,Nov-24,Consideration,BIO-2024-Dr-Julia-Czechner,Engagements,€ 24,"2,909",57.40%,€ 0.01,"5,071",0,0.00%,"5,071","6,107","1,112","2,909",57.40%, € -   ,€ 4.69,18.20%,€ 0.00,€ 0.01
 Paid Social , meta , BIODERMA ,Nov-24,Consideration,BIO-2024-Atoderm,Engagements,€ 3,258,37.00%,€ 0.01,698,0,0.00%,696,731,33,258,37.00%, € -   ,€ 4.48,4.50%,€ 0.00,€ 0.01
 Paid Social , meta , BIODERMA ,Nov-24,Consideration,BIO-2024-Dr-Julia-Czechner,Engagements,€ 24,"3,340",58.00%,€ 0.01,"5,762",0,0.00%,"5,674","7,024","1,324","3,340",58.00%, € -   ,€ 4.23,18.80%,€ 0.00,€ 0.01
 Paid Social , meta , BIODERMA ,Nov-24,Consideration,BIO-2024-Atoderm,Engagements,€ 3,257,36.70%,€ 0.01,701,0,0.00%,683,753,27,257,36.70%, € -   ,€ 4.55,3.60%,€ 0.00,€ 0.01
 Paid Social , meta , BIODERMA ,Nov-24,Consideration,BIO-2024-Dr-Julia-Czechner,Engagements,€ 25,"3,475",56.50%,€ 0.01,"6,152",0,0.00%,"6,152","7,496","1,372","3,475",56.50%, € -   ,€ 4.08,18.30%,€ 0.00,€ 0.01
 Paid Social , meta , BIODERMA ,Nov-24,Consideration,BIO-2024-Atoderm,Engagements,€ 3,257,34.90%,€ 0.01,737,0,0.00%,737,772,23,257,34.90%, € -   ,€ 4.27,3.00%,€ 0.00,€ 0.01
 Paid Social , meta , BIODERMA ,Nov-24,Consideration,BIO-2024-Dr-Julia-Czechner,Engagements,€ 25,"3,662",57.70%,€ 0.01,"6,347",0,0.00%,"6,187","7,733","1,427","3,662",57.70%, € -   ,€ 4.00,18.50%,€ 0.00,€ 0.01
 Paid Social , meta , BIODERMA ,Nov-24,Consideration,BIO-2024-Atoderm,Engagements,€ 3,300,36.60%,€ 0.01,819,0,0.00%,819,832,30,300,36.60%, € -   ,€ 3.98,3.60%,€ 0.00,€ 0.01
 Paid Social , meta , BIODERMA ,Nov-24,Consideration,BIO-2024-Dr-Julia-Czechner,Engagements,€ 25,"3,561",54.20%,€ 0.01,"6,568",0,0.00%,"6,488","8,007","1,430","3,561",54.20%, € -   ,€ 3.84,17.90%,€ 0.00,€ 0.01
 Paid Social , meta , BIODERMA ,Nov-24,Consideration,BIO-2024-Atoderm,Engagements,€ 4,325,37.00%,€ 0.01,879,0,0.00%,864,927,37,325,37.00%, € -   ,€ 3.98,4.00%,€ 0.00,€ 0.01
 Paid Social , meta , BIODERMA ,Nov-24,Consideration,BIO-2024-Dr-Julia-Czechner,Engagements,€ 28,"4,228",55.90%,€ 0.01,"7,561",0,0.00%,"7,212","9,161","1,654","4,228",55.90%, € -   ,€ 3.69,18.10%,€ 0.00,€ 0.01
 Paid Social , meta , BIODERMA ,Nov-24,Consideration,BIO-2024-Atoderm,Engagements,€ 3,296,35.80%,€ 0.01,827,0,0.00%,789,869,25,296,35.80%, € -   ,€ 4.15,2.90%,€ 0.00,€ 0.01
 Paid Social , meta , BIODERMA ,Nov-24,Consideration,BIO-2024-Dr-Julia-Czechner,Engagements,€ 27,"3,998",57.80%,€ 0.01,"6,921",0,0.00%,"6,680","8,500","1,618","3,998",57.80%, € -   ,€ 3.96,19.00%,€ 0.00,€ 0.01
 Paid Social , meta , BIODERMA ,Nov-24,Consideration,BIO-2024-Atoderm,Engagements,€ 3,258,36.00%,€ 0.01,717,0,0.00%,706,765,33,258,36.00%, € -   ,€ 4.52,4.30%,€ 0.00,€ 0.01
 Paid Social , meta , BIODERMA ,Nov-24,Consideration,BIO-2024-Dr-Julia-Czechner,Engagements,€ 26,"3,700",57.90%,€ 0.01,"6,387",2,0.00%,"6,356","7,941","1,517","3,700",57.90%,€ 13.07,€ 4.09,19.10%,€ 0.00,€ 0.01
 Paid Social , meta , BIODERMA ,Nov-24,Consideration,BIO-2024-Atoderm,Engagements,€ 3,286,37.90%,€ 0.01,754,0,0.00%,743,774,33,286,37.90%, € -   ,€ 4.27,4.30%,€ 0.00,€ 0.01
 Paid Social , meta , BIODERMA ,Nov-24,Consideration,BIO-2024-Dr-Julia-Czechner,Engagements,€ 26,"3,735",56.10%,€ 0.01,"6,654",1,0.00%,"6,449","8,167","1,506","3,735",56.10%,€ 25.64,€ 3.85,18.40%,€ 0.00,€ 0.01
 Paid Social , meta , BIODERMA ,Nov-24,Consideration,BIO-2024-Atoderm,Engagements,€ 3,312,39.60%,€ 0.01,787,0,0.00%,787,839,40,312,39.60%, € -   ,€ 4.21,4.80%,€ 0.00,€ 0.01
 Paid Social , meta , BIODERMA ,Nov-24,Consideration,BIO-2024-Dr-Julia-Czechner,Engagements,€ 26,"4,014",57.30%,€ 0.01,"7,002",0,0.00%,"6,765","8,572","1,653","4,014",57.30%, € -   ,€ 3.68,19.30%,€ 0.00,€ 0.01
 Paid Social , meta , BIODERMA ,Nov-24,Consideration,BIO-2024-Atoderm,Engagements,€ 3,312,40.10%,€ 0.01,779,0,0.00%,753,807,33,312,40.10%, € -   ,€ 4.06,4.10%,€ 0.00,€ 0.01
 Paid Social , meta , BIODERMA ,Nov-24,Consideration,BIO-2024-Dr-Julia-Czechner,Engagements,€ 26,"4,113",57.80%,€ 0.01,"7,111",0,0.00%,"6,716","8,793","1,676","4,113",57.80%, € -   ,€ 3.66,19.10%,€ 0.00,€ 0.01
 Paid Social , meta , BIODERMA ,Nov-24,Consideration,BIO-2024-Dr-Julia-Czechner,Engagements,€ 27,"4,392",57.20%,€ 0.01,"7,674",0,0.00%,"7,322","9,339","1,817","4,392",57.20%, € -   ,€ 3.53,19.50%,€ 0.00,€ 0.01
 Paid Social , meta , BIODERMA ,Nov-24,Consideration,BIO-2024-Atoderm,Engagements,€ 3,324,40.00%,€ 0.01,809,0,0.00%,771,870,32,324,40.00%, € -   ,€ 4.28,3.70%,€ 0.00,€ 0.01
 Paid Social , meta , BIODERMA ,Nov-24,Consideration,BIO-2024-Atoderm,Engagements,€ 6,812,38.10%,€ 0.01,"2,129",0,0.00%,"2,090","2,300",155,812,38.10%, € -   ,€ 2.97,6.70%,€ 0.00,€ 0.01
 Paid Social , meta , BIODERMA ,Nov-24,Consideration,BIO-2024-Dr-Julia-Czechner,Engagements,€ 28,"4,945",59.00%,€ 0.01,"8,382",0,0.00%,"8,270","10,271","2,015","4,945",59.00%, € -   ,€ 3.37,19.60%,€ 0.00,€ 0.01
 Paid Social , meta , BIODERMA ,Nov-24,Consideration,BIO-2024-Atoderm,Engagements,€ 7,682,34.40%,€ 0.01,"1,985",0,0.00%,"1,942","2,118",152,682,34.40%, € -   ,€ 3.36,7.20%,€ 0.00,€ 0.01
 Paid Social , meta , BIODERMA ,Nov-24,Consideration,BIO-2024-Dr-Julia-Czechner,Engagements,€ 28,"4,547",58.90%,€ 0.01,"7,724",1,0.00%,"7,599","9,471","1,883","4,547",58.90%,€ 27.63,€ 3.58,19.90%,€ 0.00,€ 0.01
 Paid Social , meta , BIODERMA ,Nov-24,Consideration,BIO-2024-Atoderm,Engagements,€ 6,718,39.60%,€ 0.01,"1,814",0,0.00%,"1,707","1,980",154,718,39.60%, € -   ,€ 3.53,7.80%,€ 0.00,€ 0.01
 Paid Social , meta , BIODERMA ,Nov-24,Consideration,BIO-2024-Dr-Julia-Czechner,Engagements,€ 26,"4,226",59.00%,€ 0.01,"7,163",1,0.00%,"7,118","8,833","1,733","4,226",59.00%,€ 26.38,€ 3.68,19.60%,€ 0.00,€ 0.01
 Paid Social , meta , BIODERMA ,Nov-24,Consideration,BIO-2024-Atoderm,Engagements,€ 9,"1,164",47.20%,€ 0.01,"2,468",0,0.00%,"2,401","2,617",299,"1,164",47.20%, € -   ,€ 3.57,11.40%,€ 0.00,€ 0.01
 Paid Social , meta , BIODERMA ,Nov-24,Consideration,BIO-2024-Dr-Julia-Czechner,Engagements,€ 25,"3,999",56.50%,€ 0.01,"7,076",0,0.00%,"7,076","8,609","1,692","3,999",56.50%, € -   ,€ 3.47,19.70%,€ 0.00,€ 0.01
 Paid Social , meta , BIODERMA ,Nov-24,Consideration,BIO-2024-Atoderm,Engagements,€ 9,"1,219",47.20%,€ 0.01,"2,584",0,0.00%,"2,552","2,705",282,"1,219",47.20%, € -   ,€ 3.42,10.40%,€ 0.00,€ 0.01
 Paid Social , meta , BIODERMA ,Nov-24,Consideration,BIO-2024-Dr-Julia-Czechner,Engagements,€ 23,"3,745",58.10%,€ 0.01,"6,442",2,0.00%,"6,414","7,857","1,570","3,745",58.10%,€ 11.29,€ 3.50,20.00%,€ 0.00,€ 0.01
 Paid Social , meta , BIODERMA ,Nov-24,Consideration,BIO-2024-Atoderm,Engagements,€ 10,"1,356",46.50%,€ 0.01,"2,919",0,0.00%,"2,855","3,120",346,"1,356",46.50%, € -   ,€ 3.29,11.10%,€ 0.00,€ 0.01
 Paid Social , meta , BIODERMA ,Nov-24,Consideration,BIO-2024-Dr-Julia-Czechner,Engagements,€ 24,"3,971",57.20%,€ 0.01,"6,943",1,0.00%,"6,798","8,433","1,555","3,971",57.20%,€ 23.53,€ 3.39,18.40%,€ 0.00,€ 0.01
 Paid Social , meta , BIODERMA ,Nov-24,Consideration,BIO-2024-Atoderm,Engagements,€ 9,"1,389",48.10%,€ 0.01,"2,888",0,0.00%,"2,851","3,076",321,"1,389",48.10%, € -   ,€ 3.27,10.40%,€ 0.00,€ 0.01
 Paid Social , meta , BIODERMA ,Nov-24,Consideration,BIO-2024-Dr-Julia-Czechner,Engagements,€ 23,"4,172",57.80%,€ 0.01,"7,222",0,0.00%,"6,874","8,740","1,722","4,172",57.80%, € -   ,€ 3.23,19.70%,€ 0.00,€ 0.01
 Paid Social , meta , BIODERMA ,Nov-24,Consideration,BIO-2024-Community-Push,Engagements,€ 3,409,47.90%,€ 0.01,853,0,0.00%,788,872,91,409,47.90%, € -   ,€ 3.11,10.40%,€ 0.00,€ 0.01
 Paid Social , meta , BIODERMA ,Nov-24,Consideration,BIO-2024-Dr-Julia-Czechner,Engagements,€ 24,"4,618",60.60%,€ 0.01,"7,617",0,0.00%,"7,496","9,576","2,008","4,618",60.60%, € -   ,€ 3.09,21.00%,€ 0.00,€ 0.01
 Paid Social , meta , BIODERMA ,Nov-24,Consideration,BIO-2024-Atoderm,Engagements,€ 10,"1,534",47.30%,€ 0.01,"3,245",0,0.00%,"3,154","3,445",366,"1,534",47.30%, € -   ,€ 3.13,10.60%,€ 0.00,€ 0.01
 Paid Social , meta , BIODERMA ,Nov-24,Consideration,BIO-2024-Atoderm,Engagements,€ 10,"1,402",47.00%,€ 0.01,"2,986",0,0.00%,"2,908","3,191",332,"1,402",47.00%, € -   ,€ 3.40,10.40%,€ 0.00,€ 0.01
 Paid Social , meta , BIODERMA ,Nov-24,Consideration,BIO-2024-Dr-Julia-Czechner,Engagements,€ 24,"4,343",60.90%,€ 0.01,"7,136",0,0.00%,"7,136","8,941","1,861","4,343",60.90%, € -   ,€ 3.33,20.80%,€ 0.00,€ 0.01
 Paid Social , meta , BIODERMA ,Nov-24,Consideration,BIO-2024-Community-Push,Engagements,€ 3,442,46.90%,€ 0.01,943,0,0.00%,880,970,94,442,46.90%, € -   ,€ 3.18,9.70%,€ 0.00,€ 0.01
 Paid Social , meta , BIODERMA ,Nov-24,Consideration,BIO-2024-Atoderm,Engagements,€ 9,"1,300",46.10%,€ 0.01,"2,821",0,0.00%,"2,783","3,019",298,"1,300",46.10%, € -   ,€ 3.36,9.90%,€ 0.00,€ 0.01
 Paid Social , meta , BIODERMA ,Nov-24,Consideration,BIO-2024-Dr-Julia-Czechner,Engagements,€ 23,"3,984",59.20%,€ 0.01,"6,729",0,0.00%,"6,551","8,392","1,782","3,984",59.20%, € -   ,€ 3.38,21.20%,€ 0.00,€ 0.01
 Paid Social , meta , BIODERMA ,Nov-24,Consideration,BIO-2024-Community-Push,Engagements,€ 3,430,47.10%,€ 0.01,912,0,0.00%,872,953,81,430,47.10%, € -   ,€ 3.13,8.50%,€ 0.00,€ 0.01
 Paid Social , meta , BIODERMA ,Nov-24,Consideration,BIO-2024-Community-Push,Engagements,€ 3,428,44.90%,€ 0.01,954,0,0.00%,888,991,94,428,44.90%, € -   ,€ 3.14,9.50%,€ 0.00,€ 0.01
 Paid Social , meta , BIODERMA ,Nov-24,Consideration,BIO-2024-Dr-Julia-Czechner,Engagements,€ 23,"4,043",59.80%,€ 0.01,"6,765",0,0.00%,"6,612","8,535","1,745","4,043",59.80%, € -   ,€ 3.43,20.40%,€ 0.00,€ 0.01
 Paid Social , meta , BIODERMA ,Nov-24,Consideration,BIO-2024-Atoderm,Engagements,€ 10,"1,307",45.50%,€ 0.01,"2,873",0,0.00%,"2,779","3,084",321,"1,307",45.50%, € -   ,€ 3.36,10.40%,€ 0.00,€ 0.01
 Paid Social , meta , BIODERMA ,Nov-24,Consideration,BIO-2024-Atoderm,Engagements,€ 9,"1,267",46.60%,€ 0.01,"2,721",0,0.00%,"2,647","2,955",363,"1,267",46.60%, € -   ,€ 3.15,12.30%,€ 0.00,€ 0.01
 Paid Social , meta , BIODERMA ,Nov-24,Consideration,BIO-2024-Dr-Julia-Czechner,Engagements,€ 23,"4,113",59.10%,€ 0.01,"6,957",0,0.00%,"6,957","8,852","1,829","4,113",59.10%, € -   ,€ 3.30,20.70%,€ 0.00,€ 0.01
 Paid Social , meta , BIODERMA ,Nov-24,Consideration,BIO-2024-Community-Push,Engagements,€ 3,452,47.20%,€ 0.01,957,0,0.00%,900,970,98,452,47.20%, € -   ,€ 3.03,10.10%,€ 0.00,€ 0.01
 Paid Social , meta , BIODERMA ,Nov-24,Consideration,BIO-2024-Atoderm,Engagements,€ 6,"1,128",48.50%,€ 0.01,"2,328",0,0.00%,"2,328","2,500",312,"1,128",48.50%, € -   ,€ 2.75,12.50%,€ 0.00,€ 0.01
 Paid Social , meta , BIODERMA ,Nov-24,Consideration,BIO-2024-Dr-Julia-Czechner,Engagements,€ 23,"4,213",59.10%,€ 0.01,"7,133",0,0.00%,"6,738","8,955","1,950","4,213",59.10%, € -   ,€ 3.18,21.80%,€ 0.00,€ 0.01
 Paid Social , meta , BIODERMA ,Nov-24,Consideration,BIO-2024-Community-Push,Engagements,€ 3,500,50.40%,€ 0.01,993,0,0.00%,896,"1,104",119,500,50.40%, € -   ,€ 3.06,10.80%,€ 0.00,€ 0.01
 Paid Social , meta , BIODERMA ,Nov-24,Consideration,BIO-2024-Atoderm,Engagements,€ 7,"1,257",46.80%,€ 0.01,"2,688",0,0.00%,"2,658","2,835",314,"1,257",46.80%, € -   ,€ 2.44,11.10%,€ 0.00,€ 0.01
 Paid Social , meta , BIODERMA ,Nov-24,Consideration,BIO-2024-Dr-Julia-Czechner,Engagements,€ 23,"4,678",59.10%,€ 0.00,"7,914",0,0.00%,"7,786","9,955","2,086","4,678",59.10%, € -   ,€ 2.95,21.00%,€ 0.00,€ 0.00
 Paid Social , meta , BIODERMA ,Nov-24,Consideration,BIO-2024-Community-Push,Engagements,€ 3,495,46.30%,€ 0.01,"1,068",0,0.00%,956,"1,080",126,495,46.30%, € -   ,€ 2.89,11.70%,€ 0.00,€ 0.01
 Paid Social , meta , BIODERMA ,Nov-24,Consideration,BIO-2024-Dr-Julia-Czechner,Engagements,€ 24,"5,206",59.60%,€ 0.00,"8,734",1,0.00%,"8,523","11,214","2,441","5,206",59.60%,€ 24.28,€ 2.78,21.80%,€ 0.00,€ 0.00
 Paid Social , meta , BIODERMA ,Nov-24,Consideration,BIO-2024-Atoderm,Engagements,€ 7,"1,427",48.30%,€ 0.00,"2,956",0,0.00%,"2,900","3,127",381,"1,427",48.30%, € -   ,€ 2.26,12.20%,€ 0.00,€ 0.00
 Paid Social , meta , BIODERMA ,Nov-24,Consideration,BIO-2024-Community-Push,Engagements,€ 3,542,44.70%,€ 0.01,"1,213",0,0.00%,"1,125","1,191",111,542,44.70%, € -   ,€ 2.72,9.30%,€ 0.00,€ 0.01
 Paid Social , meta , BIODERMA ,Nov-24,Consideration,BIO-2024-Dr-Julia-Czechner,Engagements,€ 24,"5,009",59.20%,€ 0.00,"8,466",0,0.00%,"8,188","10,711","2,344","5,009",59.20%, € -   ,€ 2.88,21.90%,€ 0.00,€ 0.00
 Paid Social , meta , BIODERMA ,Nov-24,Consideration,BIO-2024-Atoderm,Engagements,€ 7,"1,234",47.40%,€ 0.01,"2,605",0,0.00%,"2,535","2,802",368,"1,234",47.40%, € -   ,€ 2.56,13.10%,€ 0.00,€ 0.01
 Paid Social , meta , BIODERMA ,Nov-24,Consideration,BIO-2024-Community-Push,Engagements,€ 3,504,45.60%,€ 0.01,"1,105",0,0.00%,"1,054","1,118",91,504,45.60%, € -   ,€ 2.95,8.10%,€ 0.00,€ 0.01
 Paid Social , meta , BIODERMA ,Nov-24,Consideration,BIO-2024-Atoderm,Engagements,€ 6,"1,181",50.20%,€ 0.01,"2,352",0,0.00%,"2,294","2,543",332,"1,181",50.20%, € -   ,€ 2.72,13.10%,€ 0.00,€ 0.01
 Paid Social , meta , BIODERMA ,Nov-24,Consideration,BIO-2024-Dr-Julia-Czechner,Engagements,€ 24,"4,632",56.80%,€ 0.01,"8,162",1,0.00%,"7,897","10,358","2,191","4,632",56.80%,€ 23.61,€ 2.89,21.20%,€ 0.00,€ 0.01
 Paid Social , meta , BIODERMA ,Nov-24,Consideration,BIO-2024-Community-Push,Engagements,€ 3,529,48.20%,€ 0.01,"1,097",0,0.00%,"1,045","1,166",110,529,48.20%, € -   ,€ 2.84,9.40%,€ 0.00,€ 0.01
 Paid Social , meta , BIODERMA ,Oct-24,Consideration,BIO-2024-Atoderm,Engagements,€ 7,"1,063",48.70%,€ 0.01,"2,183",0,0.00%,"2,124","2,364",312,"1,063",48.70%, € -   ,€ 2.99,13.20%,€ 0.00,€ 0.01
 Paid Social , meta , BIODERMA ,Oct-24,Consideration,BIO-2024-Dr-Julia-Czechner,Engagements,€ 10,"1,858",61.00%,€ 0.01,"3,047",1,0.00%,"2,976","3,980",850,"1,858",61.00%,€ 9.94,€ 3.26,21.40%,€ 0.00,€ 0.01
 Paid Social , meta , BIODERMA ,Oct-24,Consideration,BIO-2024-Community-Push,Engagements,€ 6,919,54.80%,€ 0.01,"1,676",0,0.00%,"1,606","1,831",184,919,54.80%, € -   ,€ 3.51,10.00%,€ 0.00,€ 0.01
 Paid Social , meta , BIODERMA ,Oct-24,Consideration,BIO-2024-Community-Push,Engagements,€ 6,889,51.10%,€ 0.01,"1,740",0,0.00%,"1,666","1,875",162,889,51.10%, € -   ,€ 3.51,8.60%,€ 0.00,€ 0.01
 Paid Social , meta , BIODERMA ,Oct-24,Consideration,BIO-2024-Dr-Julia-Czechner,Engagements,€ 3,652,67.50%,€ 0.00,966,0,0.00%,966,"1,403",321,652,67.50%, € -   ,€ 3.04,22.90%,€ 0.00,€ 0.00
 Paid Social , meta , BIODERMA ,Oct-24,Consideration,BIO-2024-Atoderm,Engagements,€ 7,"1,080",47.10%,€ 0.01,"2,291",0,0.00%,"2,291","2,414",302,"1,080",47.10%, € -   ,€ 2.84,12.50%,€ 0.00,€ 0.01
 Paid Social , meta , BIODERMA ,Oct-24,Consideration,BIO-2024-Atoderm,Engagements,€ 7,"1,184",48.60%,€ 0.01,"2,435",0,0.00%,"2,313","2,606",347,"1,184",48.60%, € -   ,€ 2.74,13.30%,€ 0.00,€ 0.01
 Paid Social , meta , BIODERMA ,Oct-24,Consideration,BIO-2024-Dr-Julia-Czechner,Engagements,€ 3,662,63.50%,€ 0.00,"1,042",1,0.10%,"1,033","1,454",328,662,63.50%,€ 3.06,€ 2.94,22.60%,€ 0.00,€ 0.00
 Paid Social , meta , BIODERMA ,Oct-24,Consideration,BIO-2024-Community-Push,Engagements,€ 6,940,49.60%,€ 0.01,"1,894",0,0.00%,"1,867","2,060",145,940,49.60%, € -   ,€ 3.31,7.00%,€ 0.00,€ 0.01
 Paid Social , meta , BIODERMA ,Oct-24,Consideration,BIO-2024-Atoderm,Engagements,€ 7,"1,213",48.70%,€ 0.01,"2,489",0,0.00%,"2,477","2,631",336,"1,213",48.70%, € -   ,€ 2.70,12.80%,€ 0.00,€ 0.01
 Paid Social , meta , BIODERMA ,Oct-24,Consideration,BIO-2024-Dr-Julia-Czechner,Engagements,€ 3,695,61.10%,€ 0.00,"1,138",0,0.00%,"1,138","1,589",330,695,61.10%, € -   ,€ 2.69,20.80%,€ 0.00,€ 0.00
 Paid Social , meta , BIODERMA ,Oct-24,Consideration,BIO-2024-Community-Push,Engagements,€ 6,"1,104",50.70%,€ 0.01,"2,176",0,0.00%,"2,103","2,406",184,"1,104",50.70%, € -   ,€ 2.91,7.60%,€ 0.00,€ 0.01
 Paid Social , meta , BIODERMA ,Oct-24,Consideration,BIO-2024-Community-Push,Engagements,€ 14,"2,135",47.20%,€ 0.01,"4,525",1,0.00%,"4,503","4,801",376,"2,135",47.20%,€ 13.59,€ 3.00,7.80%,€ 0.00,€ 0.01
 Paid Social , meta , BIODERMA ,Oct-24,Consideration,BIO-2024-Dr-Julia-Czechner,Engagements,€ 3,796,64.10%,€ 0.00,"1,241",0,0.00%,"1,241","1,751",375,796,64.10%, € -   ,€ 2.67,21.40%,€ 0.00,€ 0.00
 Paid Social , meta , BIODERMA ,Oct-24,Consideration,BIO-2024-Atoderm,Engagements,€ 7,"1,376",49.50%,€ 0.01,"2,777",0,0.00%,"2,757","2,989",386,"1,376",49.50%, € -   ,€ 2.63,12.90%,€ 0.00,€ 0.01
 Paid Social , meta , BIODERMA ,Oct-24,Consideration,BIO-2024-Atoderm,Engagements,€ 7,"1,123",46.40%,€ 0.01,"2,418",0,0.00%,"2,294","2,586",342,"1,123",46.40%, € -   ,€ 2.85,13.20%,€ 0.00,€ 0.01
 Paid Social , meta , BIODERMA ,Oct-24,Consideration,BIO-2024-Dr-Julia-Czechner,Engagements,€ 3,733,66.90%,€ 0.00,"1,095",0,0.00%,"1,095","1,582",359,733,66.90%, € -   ,€ 2.90,22.70%,€ 0.00,€ 0.00
 Paid Social , meta , BIODERMA ,Oct-24,Consideration,BIO-2024-Community-Push,Engagements,€ 13,"1,893",47.20%,€ 0.01,"4,009",1,0.00%,"3,954","4,197",362,"1,893",47.20%,€ 13.20,€ 3.29,8.60%,€ 0.00,€ 0.01
 Paid Social , meta , BIODERMA ,Oct-24,Consideration,BIO-2024-Dr-Julia-Czechner,Engagements,€ 3,657,63.10%,€ 0.00,"1,041",0,0.00%,"1,041","1,449",311,657,63.10%, € -   ,€ 2.84,21.50%,€ 0.00,€ 0.00
 Paid Social , meta , BIODERMA ,Oct-24,Consideration,BIO-2024-Community-Push,Engagements,€ 12,"1,812",48.50%,€ 0.01,"3,734",0,0.00%,"3,560","3,936",398,"1,812",48.50%, € -   ,€ 3.33,10.10%,€ 0.00,€ 0.01
 Paid Social , meta , BIODERMA ,Oct-24,Consideration,BIO-2024-Atoderm,Engagements,€ 6,"1,077",48.70%,€ 0.01,"2,211",0,0.00%,"2,173","2,390",324,"1,077",48.70%, € -   ,€ 2.83,13.60%,€ 0.00,€ 0.01
 Paid Social , meta , BIODERMA ,Oct-24,Consideration,BIO-2024-Atoderm,Engagements,€ 7,"1,106",50.00%,€ 0.01,"2,213",0,0.00%,"2,187","2,372",355,"1,106",50.00%, € -   ,€ 2.95,15.00%,€ 0.00,€ 0.01
 Paid Social , meta , BIODERMA ,Oct-24,Consideration,BIO-2024-Dr-Julia-Czechner,Engagements,€ 3,619,59.10%,€ 0.00,"1,047",0,0.00%,"1,047","1,470",304,619,59.10%, € -   ,€ 2.76,20.70%,€ 0.00,€ 0.00
 Paid Social , meta , BIODERMA ,Oct-24,Consideration,BIO-2024-Community-Push,Engagements,€ 13,"1,881",51.50%,€ 0.01,"3,653",2,0.10%,"3,455","3,863",439,"1,881",51.50%,€ 6.30,€ 3.45,11.40%,€ 0.00,€ 0.01
 Paid Social , meta , BIODERMA ,Oct-24,Consideration,BIO-2024-Atoderm,Engagements,€ 6,"1,090",51.30%,€ 0.01,"2,124",0,0.00%,"2,124","2,319",329,"1,090",51.30%, € -   ,€ 2.98,14.20%,€ 0.00,€ 0.01
 Paid Social , meta , BIODERMA ,Oct-24,Consideration,BIO-2024-Dr-Julia-Czechner,Engagements,€ 3,711,68.40%,€ 0.00,"1,039",0,0.00%,"1,034","1,521",353,711,68.40%, € -   ,€ 2.91,23.20%,€ 0.00,€ 0.00
 Paid Social , meta , BIODERMA ,Oct-24,Consideration,BIO-2024-Community-Push,Engagements,€ 13,"2,044",50.70%,€ 0.01,"4,033",5,0.10%,"3,989","4,331",467,"2,044",50.70%,€ 2.57,€ 3.19,10.80%,€ 0.00,€ 0.01
 Paid Social , meta , BIODERMA ,Oct-24,Consideration,BIO-2024-Community-Push,Engagements,€ 13,"1,995",50.70%,€ 0.01,"3,934",0,0.00%,"3,872","4,344",394,"1,995",50.70%, € -   ,€ 3.32,9.10%,€ 0.00,€ 0.01
 Paid Social , meta , BIODERMA ,Oct-24,Consideration,BIO-2024-Dr-Julia-Czechner,Engagements,€ 3,707,66.30%,€ 0.00,"1,067",0,0.00%,"1,067","1,495",336,707,66.30%, € -   ,€ 2.77,22.50%,€ 0.00,€ 0.00
 Paid Social , meta , BIODERMA ,Oct-24,Consideration,BIO-2024-Atoderm,Engagements,€ 6,"1,139",49.50%,€ 0.01,"2,302",0,0.00%,"2,269","2,494",309,"1,139",49.50%, € -   ,€ 2.80,12.40%,€ 0.00,€ 0.01
 Paid Social , meta , BIODERMA ,Oct-24,Consideration,BIO-2024-Atoderm,Engagements,€ 7,"1,247",54.30%,€ 0.01,"2,295",0,0.00%,"2,295","2,537",390,"1,247",54.30%, € -   ,€ 2.88,15.40%,€ 0.00,€ 0.01
 Paid Social , meta , BIODERMA ,Oct-24,Consideration,BIO-2024-Dr-Julia-Czechner,Engagements,€ 3,721,66.10%,€ 0.00,"1,091",0,0.00%,"1,085","1,561",337,721,66.10%, € -   ,€ 2.77,21.60%,€ 0.00,€ 0.00
 Paid Social , meta , BIODERMA ,Oct-24,Consideration,BIO-2024-Community-Push,Engagements,€ 13,"1,951",48.60%,€ 0.01,"4,011",0,0.00%,"3,872","4,484",371,"1,951",48.60%, € -   ,€ 3.23,8.30%,€ 0.00,€ 0.01
 Paid Social , meta , BIODERMA ,Oct-24,Consideration,BIO-2024-Dr-Julia-Czechner,Engagements,€ 3,786,68.60%,€ 0.00,"1,145",0,0.00%,"1,145","1,617",374,786,68.60%, € -   ,€ 2.83,23.10%,€ 0.00,€ 0.00
 Paid Social , meta , BIODERMA ,Oct-24,Consideration,BIO-2024-Community-Push,Engagements,€ 14,"2,164",49.10%,€ 0.01,"4,404",0,0.00%,"4,225","4,818",419,"2,164",49.10%, € -   ,€ 3.15,8.70%,€ 0.00,€ 0.01
 Paid Social , meta , BIODERMA ,Oct-24,Consideration,BIO-2024-Atoderm,Engagements,€ 7,"1,318",51.30%,€ 0.01,"2,570",0,0.00%,"2,507","2,814",371,"1,318",51.30%, € -   ,€ 2.73,13.20%,€ 0.00,€ 0.01
 Paid Social , meta , BIODERMA ,Oct-24,Consideration,BIO-2024-Atoderm,Engagements,€ 7,"1,210",52.50%,€ 0.01,"2,303",0,0.00%,"2,303","2,532",360,"1,210",52.50%, € -   ,€ 2.90,14.20%,€ 0.00,€ 0.01
 Paid Social , meta , BIODERMA ,Oct-24,Consideration,BIO-2024-Dr-Julia-Czechner,Engagements,€ 3,734,66.80%,€ 0.00,"1,098",0,0.00%,"1,098","1,587",352,734,66.80%, € -   ,€ 2.83,22.20%,€ 0.00,€ 0.00
 Paid Social , meta , BIODERMA ,Oct-24,Consideration,BIO-2024-Community-Push,Engagements,€ 14,"1,948",48.70%,€ 0.01,"4,001",1,0.00%,"3,802","4,417",359,"1,948",48.70%,€ 13.54,€ 3.38,8.10%,€ 0.00,€ 0.01
 Paid Social , meta , BIODERMA ,Oct-24,Consideration,BIO-2024-Atoderm,Engagements,€ 8,"1,308",50.90%,€ 0.01,"2,569",0,0.00%,"2,480","2,861",395,"1,308",50.90%, € -   ,€ 3.02,13.80%,€ 0.00,€ 0.01
 Paid Social , meta , BIODERMA ,Oct-24,Consideration,BIO-2024-Dr-Julia-Czechner,Engagements,€ 4,901,65.40%,€ 0.00,"1,378",0,0.00%,"1,378","1,931",447,901,65.40%, € -   ,€ 3.01,23.10%,€ 0.00,€ 0.00
 Paid Social , meta , BIODERMA ,Oct-24,Consideration,BIO-2024-Community-Push,Engagements,€ 14,"1,971",48.60%,€ 0.01,"4,055",1,0.00%,"3,982","4,367",360,"1,971",48.60%,€ 14.43,€ 3.56,8.20%,€ 0.00,€ 0.01
 Paid Social , meta , BIODERMA ,Oct-24,Consideration,BIO-2024-Community-Push,Engagements,€ 13,"1,786",48.30%,€ 0.01,"3,694",0,0.00%,"3,577","4,027",319,"1,786",48.30%, € -   ,€ 3.61,7.90%,€ 0.00,€ 0.01
 Paid Social , meta , BIODERMA ,Oct-24,Consideration,BIO-2024-Atoderm,Engagements,€ 7,"1,146",49.50%,€ 0.01,"2,315",0,0.00%,"2,249","2,571",355,"1,146",49.50%, € -   ,€ 2.86,13.80%,€ 0.00,€ 0.01
 Paid Social , meta , BIODERMA ,Oct-24,Consideration,BIO-2024-Dr-Julia-Czechner,Engagements,€ 3,721,68.00%,€ 0.00,"1,061",0,0.00%,"1,034","1,562",352,721,68.00%, € -   ,€ 2.86,22.50%,€ 0.00,€ 0.00
 Paid Social , meta , BIODERMA ,Oct-24,Consideration,BIO-2024-Atoderm,Engagements,€ 6,"1,167",50.10%,€ 0.01,"2,330",0,0.00%,"2,273","2,538",363,"1,167",50.10%, € -   ,€ 2.79,14.30%,€ 0.00,€ 0.01
 Paid Social , meta , BIODERMA ,Oct-24,Consideration,BIO-2024-Dr-Julia-Czechner,Engagements,€ 3,798,68.70%,€ 0.00,"1,162",0,0.00%,"1,138","1,705",388,798,68.70%, € -   ,€ 2.87,22.80%,€ 0.00,€ 0.00
 Paid Social , meta , BIODERMA ,Oct-24,Consideration,BIO-2024-Community-Push,Engagements,€ 14,"1,957",52.00%,€ 0.01,"3,760",0,0.00%,"3,684","4,070",402,"1,957",52.00%, € -   ,€ 3.76,9.90%,€ 0.00,€ 0.01
 Paid Social , meta , BIODERMA ,Oct-24,Consideration,BIO-2024-Dr-Julia-Czechner,Engagements,€ 7,"1,743",62.80%,€ 0.00,"2,777",0,0.00%,"2,777","4,088",948,"1,743",62.80%, € -   ,€ 2.56,23.20%,€ 0.00,€ 0.00
 Paid Social , meta , BIODERMA ,Oct-24,Consideration,BIO-2024-Community-Push,Engagements,€ 13,"1,947",49.40%,€ 0.01,"3,945",2,0.10%,"3,690","4,148",353,"1,947",49.40%,€ 6.74,€ 3.41,8.50%,€ 0.00,€ 0.01
 Paid Social , meta , BIODERMA ,Oct-24,Consideration,BIO-2024-Atoderm,Engagements,€ 7,"1,019",50.00%,€ 0.01,"2,039",0,0.00%,"2,039","2,253",343,"1,019",50.00%, € -   ,€ 3.33,15.20%,€ 0.00,€ 0.01
 Paid Social , meta , BIODERMA ,Oct-24,Consideration,BIO-2024-Atoderm,Engagements,€ 6,635,47.40%,€ 0.01,"1,340",0,0.00%,"1,324","1,411",225,635,47.40%, € -   ,€ 4.51,15.90%,€ 0.00,€ 0.01
 Paid Social , meta , BIODERMA ,Oct-24,Consideration,BIO-2024-Dr-Julia-Czechner,Engagements,€ 7,"1,853",61.00%,€ 0.00,"3,036",0,0.00%,"3,036","4,315",957,"1,853",61.00%, € -   ,€ 2.45,22.20%,€ 0.00,€ 0.00
 Paid Social , meta , BIODERMA ,Oct-24,Consideration,BIO-2024-Community-Push,Engagements,€ 13,"1,825",43.70%,€ 0.01,"4,179",0,0.00%,"3,880","4,195",295,"1,825",43.70%, € -   ,€ 3.23,7.00%,€ 0.00,€ 0.01
 Paid Social , meta , BIODERMA ,Oct-24,Consideration,BIO-2024-Atoderm,Engagements,€ 4,239,36.50%,€ 0.02,655,0,0.00%,655,671,89,239,36.50%, € -   ,€ 5.71,13.30%,€ 0.01,€ 0.02
 Paid Social , meta , BIODERMA ,Oct-24,Consideration,BIO-2024-Dr-Julia-Czechner,Engagements,€ 8,"2,097",63.00%,€ 0.00,"3,328",0,0.00%,"3,319","4,918","1,152","2,097",63.00%, € -   ,€ 2.44,23.40%,€ 0.00,€ 0.00
 Paid Social , meta , BIODERMA ,Oct-24,Consideration,BIO-2024-Community-Push,Engagements,€ 18,"2,573",47.30%,€ 0.01,"5,443",1,0.00%,"5,289","5,464",401,"2,573",47.30%,€ 17.73,€ 3.26,7.30%,€ 0.00,€ 0.01
 Paid Social , meta , BIODERMA ,Oct-24,Consideration,BIO-2024-Community-Push,Engagements,€ 17,"2,173",46.10%,€ 0.01,"4,717",3,0.10%,"4,550","5,027",408,"2,173",46.10%,€ 5.79,€ 3.68,8.10%,€ 0.00,€ 0.01
 Paid Social , meta , BIODERMA ,Oct-24,Consideration,BIO-2024-Dr-Julia-Czechner,Engagements,€ 8,"1,947",63.80%,€ 0.00,"3,052",0,0.00%,"2,967","4,479","1,055","1,947",63.80%, € -   ,€ 2.57,23.60%,€ 0.00,€ 0.00
 Paid Social , meta , BIODERMA ,Oct-24,Consideration,BIO-2024-Atoderm,Engagements,€ 4,212,32.20%,€ 0.02,659,0,0.00%,632,674,63,212,32.20%, € -   ,€ 5.37,9.30%,€ 0.01,€ 0.02
 Paid Social , meta , BIODERMA ,Oct-24,Consideration,BIO-2024-Atoderm,Engagements,€ 3,220,33.70%,€ 0.02,653,0,0.00%,653,624,58,220,33.70%, € -   ,€ 5.34,9.30%,€ 0.01,€ 0.02
 Paid Social , meta , BIODERMA ,Oct-24,Consideration,BIO-2024-Dr-Julia-Czechner,Engagements,€ 7,"1,900",63.70%,€ 0.00,"2,983",0,0.00%,"2,959","4,364","1,018","1,900",63.70%, € -   ,€ 2.50,23.30%,€ 0.00,€ 0.00
 Paid Social , meta , BIODERMA ,Oct-24,Consideration,BIO-2024-Community-Push,Engagements,€ 17,"2,019",43.20%,€ 0.01,"4,679",1,0.00%,"4,645","4,794",391,"2,019",43.20%,€ 16.76,€ 3.58,8.20%,€ 0.00,€ 0.01
 Paid Social , meta , BIODERMA ,Oct-24,Consideration,BIO-2024-Dr-Julia-Czechner,Engagements,€ 8,"1,867",64.20%,€ 0.00,"2,910",0,0.00%,"2,904","4,282","1,012","1,867",64.20%, € -   ,€ 2.58,23.60%,€ 0.00,€ 0.00
 Paid Social , meta , BIODERMA ,Oct-24,Consideration,BIO-2024-Community-Push,Engagements,€ 15,"2,114",48.70%,€ 0.01,"4,339",0,0.00%,"4,211","4,793",388,"2,114",48.70%, € -   ,€ 3.52,8.10%,€ 0.00,€ 0.01
 Paid Social , meta , BIODERMA ,Oct-24,Consideration,BIO-2024-Atoderm,Engagements,€ 3,209,33.80%,€ 0.02,618,0,0.00%,604,605,77,209,33.80%, € -   ,€ 5.37,12.70%,€ 0.01,€ 0.02
 Paid Social , meta , BIODERMA ,Oct-24,Consideration,BIO-2024-Atoderm,Engagements,€ 3,188,31.90%,€ 0.02,590,0,0.00%,559,562,71,188,31.90%, € -   ,€ 5.92,12.60%,€ 0.01,€ 0.02
 Paid Social , meta , BIODERMA ,Oct-24,Consideration,BIO-2024-Dr-Julia-Czechner,Engagements,€ 7,"1,648",62.70%,€ 0.00,"2,627",0,0.00%,"2,627","3,905",911,"1,648",62.70%, € -   ,€ 2.63,23.30%,€ 0.00,€ 0.00
 Paid Social , meta , BIODERMA ,Oct-24,Consideration,BIO-2024-Community-Push,Engagements,€ 14,"1,832",50.10%,€ 0.01,"3,659",1,0.00%,"3,648","4,019",339,"1,832",50.10%,€ 13.84,€ 3.78,8.40%,€ 0.00,€ 0.01
 Paid Social , meta , BIODERMA ,Oct-24,Consideration,BIO-2024-Atoderm,Engagements,€ 4,211,30.50%,€ 0.02,691,0,0.00%,672,665,59,211,30.50%, € -   ,€ 5.08,8.90%,€ 0.01,€ 0.02
 Paid Social , meta , BIODERMA ,Oct-24,Consideration,BIO-2024-Dr-Julia-Czechner,Engagements,€ 5,"1,208",61.50%,€ 0.00,"1,965",0,0.00%,"1,965","2,872",675,"1,208",61.50%, € -   ,€ 2.40,23.50%,€ 0.00,€ 0.00
 Paid Social , meta , BIODERMA ,Oct-24,Consideration,BIO-2024-Community-Push,Engagements,€ 14,"1,995",49.20%,€ 0.01,"4,054",0,0.00%,"3,948","4,499",344,"1,995",49.20%, € -   ,€ 3.50,7.60%,€ 0.00,€ 0.01
 Paid Social , meta , BIODERMA ,Oct-24,Consideration,BIO-2024-Community-Push,Engagements,€ 14,"1,972",46.80%,€ 0.01,"4,213",0,0.00%,"4,180","4,566",368,"1,972",46.80%, € -   ,€ 3.33,8.10%,€ 0.00,€ 0.01
 Paid Social , meta , BIODERMA ,Oct-24,Consideration,BIO-2024-Atoderm,Engagements,€ 3,225,33.80%,€ 0.02,666,0,0.00%,628,577,71,225,33.80%, € -   ,€ 5.24,12.30%,€ 0.01,€ 0.02
 Paid Social , meta , BIODERMA ,Oct-24,Consideration,BIO-2024-Dr-Julia-Czechner,Engagements,€ 5,"1,244",60.70%,€ 0.00,"2,050",0,0.00%,"2,050","2,981",700,"1,244",60.70%, € -   ,€ 2.28,23.50%,€ 0.00,€ 0.00
 Paid Social , meta , BIODERMA ,Oct-24,Consideration,BIO-2024-Atoderm,Engagements,€ 4,267,37.80%,€ 0.01,707,0,0.00%,687,658,75,267,37.80%, € -   ,€ 5.26,11.40%,€ 0.01,€ 0.01
 Paid Social , meta , BIODERMA ,Oct-24,Consideration,BIO-2024-Dr-Julia-Czechner,Engagements,€ 8,"1,803",54.60%,€ 0.00,"3,304",0,0.00%,"3,250","4,420",895,"1,803",54.60%, € -   ,€ 2.55,20.20%,€ 0.00,€ 0.00
 Paid Social , meta , BIODERMA ,Oct-24,Consideration,BIO-2024-Community-Push,Engagements,€ 15,"2,201",49.10%,€ 0.01,"4,480",0,0.00%,"4,291","4,977",373,"2,201",49.10%, € -   ,€ 3.34,7.50%,€ 0.00,€ 0.01
 Paid Social , meta , BIODERMA ,Oct-24,Consideration,BIO-2024-Dr-Julia-Czechner,Engagements,€ 8,"1,707",56.00%,€ 0.00,"3,046",0,0.00%,"2,963","4,074",845,"1,707",56.00%, € -   ,€ 2.75,20.70%,€ 0.00,€ 0.00
 Paid Social , meta , BIODERMA ,Oct-24,Consideration,BIO-2024-Community-Push,Engagements,€ 14,"2,028",50.50%,€ 0.01,"4,012",0,0.00%,"4,012","4,465",390,"2,028",50.50%, € -   ,€ 3.57,8.70%,€ 0.00,€ 0.01
 Paid Social , meta , BIODERMA ,Oct-24,Consideration,BIO-2024-Atoderm,Engagements,€ 4,232,37.90%,€ 0.02,612,0,0.00%,569,618,65,232,37.90%, € -   ,€ 5.88,10.50%,€ 0.01,€ 0.02
 Paid Social , meta , BIODERMA ,Oct-24,Consideration,BIO-2024-Atoderm,Engagements,€ 3,248,37.90%,€ 0.01,654,0,0.00%,654,666,67,248,37.90%, € -   ,€ 4.85,10.10%,€ 0.00,€ 0.01
 Paid Social , meta , BIODERMA ,Oct-24,Consideration,BIO-2024-Dr-Julia-Czechner,Engagements,€ 8,"1,599",52.70%,€ 0.00,"3,034",0,0.00%,"3,001","4,070",796,"1,599",52.70%, € -   ,€ 2.58,19.60%,€ 0.00,€ 0.00
 Paid Social , meta , BIODERMA ,Oct-24,Consideration,BIO-2024-Community-Push,Engagements,€ 14,"1,799",47.60%,€ 0.01,"3,778",2,0.10%,"3,618","4,207",388,"1,799",47.60%,€ 6.94,€ 3.67,9.20%,€ 0.00,€ 0.01
 Paid Social , meta , BIODERMA ,Oct-24,Consideration,BIO-2024-Atoderm,Engagements,€ 3,255,35.40%,€ 0.01,721,0,0.00%,707,756,65,255,35.40%, € -   ,€ 4.77,8.60%,€ 0.00,€ 0.01
 Paid Social , meta , BIODERMA ,Oct-24,Consideration,BIO-2024-Dr-Julia-Czechner,Engagements,€ 8,"1,618",52.80%,€ 0.01,"3,066",0,0.00%,"3,066","4,005",797,"1,618",52.80%, € -   ,€ 2.68,19.90%,€ 0.00,€ 0.01
 Paid Social , meta , BIODERMA ,Oct-24,Consideration,BIO-2024-Community-Push,Engagements,€ 13,"1,684",45.20%,€ 0.01,"3,723",3,0.10%,"3,671","4,065",321,"1,684",45.20%,€ 4.49,€ 3.62,7.90%,€ 0.00,€ 0.01
 Paid Social , meta , BIODERMA ,Oct-24,Consideration,BIO-2024-Community-Push,Engagements,€ 14,"1,653",45.80%,€ 0.01,"3,607",0,0.00%,"3,578","4,022",318,"1,653",45.80%, € -   ,€ 3.88,7.90%,€ 0.00,€ 0.01
 Paid Social , meta , BIODERMA ,Oct-24,Consideration,BIO-2024-Dr-Julia-Czechner,Engagements,€ 8,"1,688",55.50%,€ 0.01,"3,040",0,0.00%,"2,867","4,059",858,"1,688",55.50%, € -   ,€ 2.78,21.10%,€ 0.00,€ 0.01
 Paid Social , meta , BIODERMA ,Oct-24,Consideration,BIO-2024-Atoderm,Engagements,€ 4,257,41.50%,€ 0.01,619,0,0.00%,611,671,79,257,41.50%, € -   ,€ 5.69,11.80%,€ 0.01,€ 0.01
 Paid Social , meta , BIODERMA ,Oct-24,Consideration,BIO-2024-Atoderm,Engagements,€ 4,248,39.80%,€ 0.01,623,0,0.00%,623,636,75,248,39.80%, € -   ,€ 5.68,11.80%,€ 0.01,€ 0.01
 Paid Social , meta , BIODERMA ,Oct-24,Consideration,BIO-2024-Dr-Julia-Czechner,Engagements,€ 9,"1,841",58.00%,€ 0.00,"3,176",0,0.00%,"3,176","4,320",964,"1,841",58.00%, € -   ,€ 2.69,22.30%,€ 0.00,€ 0.00
 Paid Social , meta , BIODERMA ,Oct-24,Consideration,BIO-2024-Community-Push,Engagements,€ 12,"1,586",46.00%,€ 0.01,"3,445",0,0.00%,"3,445","3,845",277,"1,586",46.00%, € -   ,€ 3.47,7.20%,€ 0.00,€ 0.01
 Paid Social , meta , BIODERMA ,Sep-24,Consideration,BIO-2024-Community-Push,Engagements,€ 12,"2,345",58.20%,€ 0.01,"4,028",0,0.00%,"4,028","4,598",554,"2,345",58.20%, € -   ,€ 3.05,12.00%,€ 0.00,€ 0.01
 Paid Social , meta , BIODERMA ,Sep-24,Consideration,BIO-2024-Dr-Julia-Czechner,Engagements,€ 9,"1,756",58.00%,€ 0.00,"3,026",0,0.00%,"2,936","4,162",918,"1,756",58.00%, € -   ,€ 2.85,22.10%,€ 0.00,€ 0.00
 Paid Social , meta , BIODERMA ,Sep-24,Consideration,BIO-2024-Atoderm,Engagements,€ 4,284,43.60%,€ 0.01,651,0,0.00%,632,648,61,284,43.60%, € -   ,€ 5.45,9.40%,€ 0.01,€ 0.01
 Paid Social , meta , BIODERMA ,Sep-24,Consideration,BIO-2024-Atoderm,Engagements,€ 4,270,41.80%,€ 0.01,646,0,0.00%,627,677,60,270,41.80%, € -   ,€ 5.84,8.90%,€ 0.01,€ 0.01
 Paid Social , meta , BIODERMA ,Sep-24,Consideration,BIO-2024-Dr-Julia-Czechner,Engagements,€ 9,"1,735",54.80%,€ 0.01,"3,166",0,0.00%,"3,166","4,305",941,"1,735",54.80%, € -   ,€ 2.89,21.90%,€ 0.00,€ 0.01
 Paid Social , meta , BIODERMA ,Sep-24,Consideration,BIO-2024-Community-Push,Engagements,€ 12,"2,277",61.60%,€ 0.01,"3,697",1,0.00%,"3,618","4,200",578,"2,277",61.60%,€ 11.51,€ 3.11,13.80%,€ 0.00,€ 0.01
 Paid Social , meta , BIODERMA ,Sep-24,Consideration,BIO-2024-Atoderm,Engagements,€ 4,250,41.70%,€ 0.01,600,0,0.00%,600,640,63,250,41.70%, € -   ,€ 6.08,9.80%,€ 0.01,€ 0.01
 Paid Social , meta , BIODERMA ,Sep-24,Consideration,BIO-2024-Dr-Julia-Czechner,Engagements,€ 9,"1,704",57.10%,€ 0.01,"2,982",0,0.00%,"2,925","4,087",886,"1,704",57.10%, € -   ,€ 2.98,21.70%,€ 0.00,€ 0.01
 Paid Social , meta , BIODERMA ,Sep-24,Consideration,BIO-2024-Community-Push,Engagements,€ 11,"2,019",60.00%,€ 0.01,"3,365",0,0.00%,"3,299","3,704",473,"2,019",60.00%, € -   ,€ 3.26,12.80%,€ 0.00,€ 0.01
 Paid Social , meta , BIODERMA ,Sep-24,Consideration,BIO-2024-Community-Push,Engagements,€ 9,"1,988",65.40%,€ 0.00,"3,041",0,0.00%,"3,041","3,510",439,"1,988",65.40%, € -   ,€ 3.11,12.50%,€ 0.00,€ 0.00
 Paid Social , meta , BIODERMA ,Sep-24,Consideration,BIO-2024-Dr-Julia-Czechner,Engagements,€ 8,"1,592",56.20%,€ 0.01,"2,835",0,0.00%,"2,835","3,886",845,"1,592",56.20%, € -   ,€ 2.92,21.70%,€ 0.00,€ 0.01
 Paid Social , meta , BIODERMA ,Sep-24,Consideration,BIO-2024-Atoderm,Engagements,€ 3,240,42.00%,€ 0.01,571,0,0.00%,551,598,44,240,42.00%, € -   ,€ 5.74,7.40%,€ 0.01,€ 0.01
 Paid Social , meta , BIODERMA ,Sep-24,Consideration,BIO-2024-Atoderm,Engagements,€ 3,271,46.70%,€ 0.01,580,0,0.00%,572,0,69,271,46.70%, € -   ,€ 5.95,0.00%, € -   ,€ 0.01
 Paid Social , meta , BIODERMA ,Sep-24,Consideration,BIO-2024-Dr-Julia-Czechner,Engagements,€ 8,"1,563",53.90%,€ 0.01,"2,900",0,0.00%,"2,870",0,820,"1,563",53.90%, € -   ,€ 2.89,0.00%, € -   ,€ 0.01
 Paid Social , meta , BIODERMA ,Sep-24,Consideration,BIO-2024-Community-Push,Engagements,€ 7,"1,816",70.70%,€ 0.00,"2,569",0,0.00%,"2,538",0,464,"1,816",70.70%, € -   ,€ 2.92,0.00%, € -   ,€ 0.00
 Paid Social , meta , BIODERMA ,Sep-24,Consideration,BIO-2024-Community-Push,Engagements,€ 7,"1,849",71.70%,€ 0.00,"2,578",0,0.00%,"2,578",0,471,"1,849",71.70%, € -   ,€ 2.82,0.00%, € -   ,€ 0.00
 Paid Social , meta , BIODERMA ,Sep-24,Consideration,BIO-2024-Dr-Julia-Czechner,Engagements,€ 8,"1,616",54.20%,€ 0.01,"2,982",0,0.00%,"2,982",0,915,"1,616",54.20%, € -   ,€ 2.83,0.00%, € -   ,€ 0.01
 Paid Social , meta , BIODERMA ,Sep-24,Consideration,BIO-2024-Atoderm,Engagements,€ 3,257,43.00%,€ 0.01,597,0,0.00%,588,0,63,257,43.00%, € -   ,€ 5.76,0.00%, € -   ,€ 0.01
 Paid Social , meta , BIODERMA ,Sep-24,Consideration,BIO-2024-Atoderm,Engagements,€ 3,277,38.50%,€ 0.01,720,0,0.00%,691,0,72,277,38.50%, € -   ,€ 4.85,0.00%, € -   ,€ 0.01
 Paid Social , meta , BIODERMA ,Sep-24,Consideration,BIO-2024-Dr-Julia-Czechner,Engagements,€ 6,"1,018",52.00%,€ 0.01,"1,959",0,0.00%,"1,899",0,513,"1,018",52.00%, € -   ,€ 3.11,0.00%, € -   ,€ 0.01
 Paid Social , meta , BIODERMA ,Sep-24,Consideration,BIO-2024-Community-Push,Engagements,€ 7,"1,934",72.10%,€ 0.00,"2,682",0,0.00%,"2,682",0,514,"1,934",72.10%, € -   ,€ 2.79,0.00%, € -   ,€ 0.00
 Paid Social , meta , BIODERMA ,Sep-24,Consideration,BIO-2024-Atoderm,Engagements,€ 4,314,41.00%,€ 0.01,766,0,0.00%,766,0,73,314,41.00%, € -   ,€ 4.61,0.00%, € -   ,€ 0.01
 Paid Social , meta , BIODERMA ,Sep-24,Consideration,BIO-2024-Dr-Julia-Czechner,Engagements,€ 4,489,48.70%,€ 0.01,"1,004",0,0.00%,993,0,150,489,48.70%, € -   ,€ 3.80,0.00%, € -   ,€ 0.01
 Paid Social , meta , BIODERMA ,Sep-24,Consideration,BIO-2024-Community-Push,Engagements,€ 8,"1,953",71.80%,€ 0.00,"2,719",0,0.00%,"2,689",0,485,"1,953",71.80%, € -   ,€ 2.78,0.00%, € -   ,€ 0.00
 Paid Social , meta , BIODERMA ,Sep-24,Consideration,BIO-2024-Dr-Julia-Czechner,Engagements,€ 10,"1,747",52.60%,€ 0.01,"3,323",0,0.00%,"3,257",0,721,"1,747",52.60%, € -   ,€ 2.99,0.00%, € -   ,€ 0.01
 Paid Social , meta , BIODERMA ,Sep-24,Consideration,BIO-2024-Atoderm,Engagements,€ 4,298,34.10%,€ 0.01,875,0,0.00%,875,0,75,298,34.10%, € -   ,€ 4.22,0.00%, € -   ,€ 0.01
 Paid Social , meta , BIODERMA ,Sep-24,Consideration,BIO-2024-Community-Push,Engagements,€ 8,"2,015",69.70%,€ 0.00,"2,889",0,0.00%,"2,819",0,508,"2,015",69.70%, € -   ,€ 2.85,0.00%, € -   ,€ 0.00
 Paid Social , meta , BIODERMA ,Sep-24,Consideration,BIO-2024-Community-Push,Engagements,€ 8,"1,836",70.20%,€ 0.00,"2,615",0,0.00%,"2,615",0,465,"1,836",70.20%, € -   ,€ 2.97,0.00%, € -   ,€ 0.00
 Paid Social , meta , BIODERMA ,Sep-24,Consideration,BIO-2024-Dr-Julia-Czechner,Engagements,€ 10,"1,680",51.70%,€ 0.01,"3,248",0,0.00%,"3,197",0,698,"1,680",51.70%, € -   ,€ 3.16,0.00%, € -   ,€ 0.01
 Paid Social , meta , BIODERMA ,Sep-24,Consideration,BIO-2024-Atoderm,Engagements,€ 4,276,35.80%,€ 0.01,771,0,0.00%,756,0,72,276,35.80%, € -   ,€ 4.70,0.00%, € -   ,€ 0.01
 Paid Social , meta , BIODERMA ,Sep-24,Consideration,BIO-2024-Atoderm,Engagements,€ 1,87,27.80%,€ 0.02,313,0,0.00%,301,0,27,87,27.80%, € -   ,€ 4.60,0.00%, € -   ,€ 0.02
 Paid Social , meta , BIODERMA ,Sep-24,Consideration,BIO-2024-Dr-Julia-Czechner,Engagements,€ 10,"1,540",51.80%,€ 0.01,"2,975",0,0.00%,"2,950",0,639,"1,540",51.80%, € -   ,€ 3.22,0.00%, € -   ,€ 0.01
 Paid Social , meta , BIODERMA ,Sep-24,Consideration,BIO-2024-Community-Push,Engagements,€ 7,"1,653",69.60%,€ 0.00,"2,375",0,0.00%,"2,375",0,427,"1,653",69.60%, € -   ,€ 3.04,0.00%, € -   ,€ 0.00
 Paid Social , meta , BIODERMA ,Sep-24,Consideration,BIO-2024-Dr-Julia-Czechner,Engagements,€ 10,"1,619",51.90%,€ 0.01,"3,121",0,0.00%,"3,050",0,679,"1,619",51.90%, € -   ,€ 3.16,0.00%, € -   ,€ 0.01
 Paid Social , meta , BIODERMA ,Sep-24,Consideration,BIO-2024-Community-Push,Engagements,€ 8,"1,707",68.30%,€ 0.00,"2,501",0,0.00%,"2,477",0,413,"1,707",68.30%, € -   ,€ 3.00,0.00%, € -   ,€ 0.00
 Paid Social , meta , BIODERMA ,Sep-24,Consideration,BIO-2024-Community-Push,Engagements,€ 11,"2,076",61.10%,€ 0.01,"3,398",0,0.00%,"3,398",0,476,"2,076",61.10%, € -   ,€ 3.13,0.00%, € -   ,€ 0.01
 Paid Social , meta , BIODERMA ,Sep-24,Consideration,BIO-2024-Dr-Julia-Czechner,Engagements,€ 10,"1,581",49.60%,€ 0.01,"3,186",0,0.00%,"3,186",0,664,"1,581",49.60%, € -   ,€ 3.14,0.00%, € -   ,€ 0.01
 Paid Social , meta , BIODERMA ,Sep-24,Consideration,BIO-2024-Dr-Julia-Czechner,Engagements,€ 10,"1,551",49.20%,€ 0.01,"3,153",0,0.00%,"3,070",0,630,"1,551",49.20%, € -   ,€ 3.13,0.00%, € -   ,€ 0.01
 Paid Social , meta , BIODERMA ,Sep-24,Consideration,BIO-2024-Community-Push,Engagements,€ 10,"2,093",65.60%,€ 0.00,"3,191",0,0.00%,"3,181",0,497,"2,093",65.60%, € -   ,€ 3.04,0.00%, € -   ,€ 0.00
 Paid Social , meta , BIODERMA ,Sep-24,Consideration,BIO-2024-Dr-Julia-Czechner,Engagements,€ 10,"1,754",50.20%,€ 0.01,"3,496",1,0.00%,"3,496",0,687,"1,754",50.20%,€ 10.22,€ 2.92,0.00%, € -   ,€ 0.01
 Paid Social , meta , BIODERMA ,Sep-24,Consideration,BIO-2024-Community-Push,Engagements,€ 7,"1,774",69.50%,€ 0.00,"2,552",0,0.00%,"2,475",0,429,"1,774",69.50%, € -   ,€ 2.84,0.00%, € -   ,€ 0.00
 Paid Social , meta , BIODERMA ,Sep-24,Consideration,BIO-2024-Community-Push,Engagements,€ 8,"1,935",67.90%,€ 0.00,"2,848",0,0.00%,"2,831",0,474,"1,935",67.90%, € -   ,€ 2.75,0.00%, € -   ,€ 0.00
 Paid Social , meta , BIODERMA ,Sep-24,Consideration,BIO-2024-Dr-Julia-Czechner,Engagements,€ 11,"1,883",52.40%,€ 0.01,"3,592",0,0.00%,"3,592",0,744,"1,883",52.40%, € -   ,€ 3.05,0.00%, € -   ,€ 0.01
 Paid Social , meta , BIODERMA ,Sep-24,Consideration,BIO-2024-Dr-Julia-Czechner,Engagements,€ 11,"1,641",49.80%,€ 0.01,"3,297",0,0.00%,"3,245",0,634,"1,641",49.80%, € -   ,€ 3.19,0.00%, € -   ,€ 0.01
 Paid Social , meta , BIODERMA ,Sep-24,Consideration,BIO-2024-Community-Push,Engagements,€ 8,"1,776",68.20%,€ 0.00,"2,603",0,0.00%,"2,603",0,437,"1,776",68.20%, € -   ,€ 2.90,0.00%, € -   ,€ 0.00
 Paid Social , meta , BIODERMA ,Sep-24,Consideration,BIO-2024-Dr-Julia-Czechner,Engagements,€ 11,"1,808",53.00%,€ 0.01,"3,410",0,0.00%,"3,345",0,707,"1,808",53.00%, € -   ,€ 3.26,0.00%, € -   ,€ 0.01
 Paid Social , meta , BIODERMA ,Sep-24,Consideration,BIO-2024-Community-Push,Engagements,€ 8,"1,818",67.60%,€ 0.00,"2,688",0,0.00%,"2,688",0,428,"1,818",67.60%, € -   ,€ 2.89,0.00%, € -   ,€ 0.00
 Paid Social , meta , BIODERMA ,Sep-24,Consideration,BIO-2024-Community-Push,Engagements,€ 7,"1,800",68.70%,€ 0.00,"2,619",0,0.00%,"2,619",0,485,"1,800",68.70%, € -   ,€ 2.86,0.00%, € -   ,€ 0.00
 Paid Social , meta , BIODERMA ,Sep-24,Consideration,BIO-2024-Dr-Julia-Czechner,Engagements,€ 10,"1,589",51.60%,€ 0.01,"3,078",0,0.00%,"3,078",0,593,"1,589",51.60%, € -   ,€ 3.27,0.00%, € -   ,€ 0.01
 Paid Social , meta , BIODERMA ,Sep-24,Consideration,BIO-2024-Dr-Julia-Czechner,Engagements,€ 10,"1,567",50.00%,€ 0.01,"3,132",0,0.00%,"3,132",0,622,"1,567",50.00%, € -   ,€ 3.17,0.00%, € -   ,€ 0.01
 Paid Social , meta , BIODERMA ,Sep-24,Consideration,BIO-2024-Community-Push,Engagements,€ 7,"1,746",68.80%,€ 0.00,"2,536",0,0.00%,"2,536",0,438,"1,746",68.80%, € -   ,€ 2.83,0.00%, € -   ,€ 0.00
 Paid Social , meta , BIODERMA ,Sep-24,Consideration,BIO-2024-Dr-Julia-Czechner,Engagements,€ 15,"2,866",52.50%,€ 0.01,"5,461",0,0.00%,"5,452",0,"1,033","2,866",52.50%, € -   ,€ 2.74,0.00%, € -   ,€ 0.01
 Paid Social , meta , BIODERMA ,Sep-24,Consideration,BIO-2024-Community-Push,Engagements,€ 7,"1,796",65.10%,€ 0.00,"2,760",0,0.00%,"2,741",0,464,"1,796",65.10%, € -   ,€ 2.58,0.00%, € -   ,€ 0.00
 Paid Social , meta , BIODERMA ,Sep-24,Consideration,BIO-2024-Community-Push,Engagements,€ 7,"2,023",68.40%,€ 0.00,"2,956",0,0.00%,"2,871",0,495,"2,023",68.40%, € -   ,€ 2.50,0.00%, € -   ,€ 0.00
 Paid Social , meta , BIODERMA ,Sep-24,Consideration,BIO-2024-Dr-Julia-Czechner,Engagements,€ 13,"2,805",55.90%,€ 0.00,"5,015",0,0.00%,"5,015",0,994,"2,805",55.90%, € -   ,€ 2.58,0.00%, € -   ,€ 0.00
 Paid Social , meta , BIODERMA ,Sep-24,Consideration,BIO-2024-Dr-Julia-Czechner,Engagements,€ 14,"3,065",56.20%,€ 0.00,"5,456",0,0.00%,"5,290",0,"1,143","3,065",56.20%, € -   ,€ 2.59,0.00%, € -   ,€ 0.00
 Paid Social , meta , BIODERMA ,Sep-24,Consideration,BIO-2024-Community-Push,Engagements,€ 15,"3,634",65.10%,€ 0.00,"5,585",0,0.00%,"5,585",0,718,"3,634",65.10%, € -   ,€ 2.73,0.00%, € -   ,€ 0.00
 Paid Social , meta , BIODERMA ,Sep-24,Consideration,BIO-2024-Dr-Julia-Czechner,Engagements,€ 14,"2,536",54.50%,€ 0.01,"4,653",0,0.00%,"4,478",0,964,"2,536",54.50%, € -   ,€ 2.99,0.00%, € -   ,€ 0.01
 Paid Social , meta , BIODERMA ,Sep-24,Consideration,BIO-2024-Community-Push,Engagements,€ 15,"3,256",66.00%,€ 0.00,"4,935",0,0.00%,"4,815",0,672,"3,256",66.00%, € -   ,€ 3.13,0.00%, € -   ,€ 0.00
 Paid Social , meta , BIODERMA ,Sep-24,Consideration,BIO-2024-Community-Push,Engagements,€ 15,"3,223",64.60%,€ 0.00,"4,987",0,0.00%,"4,790",0,654,"3,223",64.60%, € -   ,€ 2.99,0.00%, € -   ,€ 0.00
 Paid Social , meta , BIODERMA ,Sep-24,Consideration,BIO-2024-Dr-Julia-Czechner,Engagements,€ 13,"2,561",54.20%,€ 0.01,"4,723",1,0.00%,"4,723",0,"1,021","2,561",54.20%,€ 13.14,€ 2.78,0.00%, € -   ,€ 0.01
 Paid Social , meta , BIODERMA ,Sep-24,Consideration,BIO-2024-Dr-Julia-Czechner,Engagements,€ 13,"2,695",54.40%,€ 0.00,"4,954",0,0.00%,"4,954",0,"1,016","2,695",54.40%, € -   ,€ 2.69,0.00%, € -   ,€ 0.00
 Paid Social , meta , BIODERMA ,Sep-24,Consideration,BIO-2024-Community-Push,Engagements,€ 15,"3,197",62.60%,€ 0.00,"5,104",0,0.00%,"4,827",0,573,"3,197",62.60%, € -   ,€ 2.95,0.00%, € -   ,€ 0.00
 Paid Social , meta , BIODERMA ,Sep-24,Consideration,BIO-2024-Dr-Julia-Czechner,Engagements,€ 13,"2,761",54.90%,€ 0.00,"5,029",0,0.00%,"5,029",0,"1,033","2,761",54.90%, € -   ,€ 2.66,0.00%, € -   ,€ 0.00
 Paid Social , meta , BIODERMA ,Sep-24,Consideration,BIO-2024-Community-Push,Engagements,€ 13,"2,443",60.80%,€ 0.01,"4,015",0,0.00%,"4,015",0,459,"2,443",60.80%, € -   ,€ 3.26,0.00%, € -   ,€ 0.01
 Paid Social , meta , BIODERMA ,Sep-24,Consideration,BIO-2024-Community-Push,Engagements,€ 11,"2,045",56.10%,€ 0.01,"3,647",0,0.00%,"3,602",0,303,"2,045",56.10%, € -   ,€ 3.15,0.00%, € -   ,€ 0.01
 Paid Social , meta , BIODERMA ,Sep-24,Consideration,BIO-2024-Dr-Julia-Czechner,Engagements,€ 14,"2,839",54.30%,€ 0.00,"5,227",0,0.00%,"5,227",0,"1,115","2,839",54.30%, € -   ,€ 2.60,0.00%, € -   ,€ 0.00
 Paid Social , meta , BIODERMA ,Sep-24,Consideration,BIO-2024-Dr-Julia-Czechner,Engagements,€ 14,"3,036",54.30%,€ 0.00,"5,594",0,0.00%,"5,589",0,"1,191","3,036",54.30%, € -   ,€ 2.43,0.00%, € -   ,€ 0.00
 Paid Social , meta , BIODERMA ,Sep-24,Consideration,BIO-2024-Community-Push,Engagements,€ 12,"2,212",58.00%,€ 0.01,"3,817",0,0.00%,"3,737",0,356,"2,212",58.00%, € -   ,€ 3.05,0.00%, € -   ,€ 0.01
 Paid Social , meta , BIODERMA ,Sep-24,Consideration,BIO-2024-Dr-Julia-Czechner,Engagements,€ 15,"3,321",54.00%,€ 0.00,"6,151",0,0.00%,"6,046",0,"1,252","3,321",54.00%, € -   ,€ 2.42,0.00%, € -   ,€ 0.00
 Paid Social , meta , BIODERMA ,Sep-24,Consideration,BIO-2024-Community-Push,Engagements,€ 12,"2,312",56.00%,€ 0.01,"4,128",0,0.00%,"4,128",0,376,"2,312",56.00%, € -   ,€ 3.03,0.00%, € -   ,€ 0.01
 Paid Social , meta , BIODERMA ,Aug-24,Consideration,BIO-2024-Community-Push,Engagements,€ 12,"2,006",55.90%,€ 0.01,"3,589",0,0.00%,"3,589",0,343,"2,006",55.90%, € -   ,€ 3.32,0.00%, € -   ,€ 0.01
 Paid Social , meta , BIODERMA ,Aug-24,Consideration,BIO-2024-Dr-Julia-Czechner,Engagements,€ 14,"2,838",54.10%,€ 0.01,"5,246",1,0.00%,"5,246",0,"1,087","2,838",54.10%,€ 14.32,€ 2.73,0.00%, € -   ,€ 0.01
 Paid Social , meta , BIODERMA ,Aug-24,Consideration,BIO-2024-Dr-Julia-Czechner,Engagements,€ 14,"2,699",54.70%,€ 0.01,"4,938",0,0.00%,"4,859",0,999,"2,699",54.70%, € -   ,€ 2.76,0.00%, € -   ,€ 0.01
 Paid Social , meta , BIODERMA ,Aug-24,Consideration,BIO-2024-Community-Push,Engagements,€ 11,"1,798",54.30%,€ 0.01,"3,312",0,0.00%,"3,274",0,294,"1,798",54.30%, € -   ,€ 3.32,0.00%, € -   ,€ 0.01
 Paid Social , meta , BIODERMA ,Aug-24,Consideration,BIO-2024-Dr-Julia-Czechner,Engagements,€ 14,"2,918",52.80%,€ 0.00,"5,529",0,0.00%,"5,529",0,"1,176","2,918",52.80%, € -   ,€ 2.56,0.00%, € -   ,€ 0.00
 Paid Social , meta , BIODERMA ,Aug-24,Consideration,BIO-2024-Community-Push,Engagements,€ 11,"1,943",55.20%,€ 0.01,"3,518",0,0.00%,"3,510",0,277,"1,943",55.20%, € -   ,€ 3.14,0.00%, € -   ,€ 0.01
 Paid Social , meta , BIODERMA ,Aug-24,Consideration,BIO-2024-Dr-Julia-Czechner,Engagements,€ 14,"2,823",53.40%,€ 0.00,"5,290",0,0.00%,"5,290",0,"1,138","2,823",53.40%, € -   ,€ 2.61,0.00%, € -   ,€ 0.00
 Paid Social , meta , BIODERMA ,Aug-24,Consideration,BIO-2024-Community-Push,Engagements,€ 11,"2,085",55.50%,€ 0.01,"3,759",0,0.00%,"3,624",0,314,"2,085",55.50%, € -   ,€ 3.05,0.00%, € -   ,€ 0.01
 Paid Social , meta , BIODERMA ,Aug-24,Consideration,BIO-2024-Community-Push,Engagements,€ 11,"2,161",56.70%,€ 0.01,"3,813",0,0.00%,"3,660",0,315,"2,161",56.70%, € -   ,€ 2.91,0.00%, € -   ,€ 0.01
 Paid Social , meta , BIODERMA ,Aug-24,Consideration,BIO-2024-Dr-Julia-Czechner,Engagements,€ 14,"2,805",52.40%,€ 0.00,"5,354",0,0.00%,"5,354",0,"1,124","2,805",52.40%, € -   ,€ 2.58,0.00%, € -   ,€ 0.00
 Paid Social , meta , BIODERMA ,Aug-24,Consideration,BIO-2024-Dr-Julia-Czechner,Engagements,€ 14,"2,897",51.10%,€ 0.00,"5,671",0,0.00%,"5,641",0,"1,187","2,897",51.10%, € -   ,€ 2.42,0.00%, € -   ,€ 0.00
 Paid Social , meta , BIODERMA ,Aug-24,Consideration,BIO-2024-Community-Push,Engagements,€ 11,"2,389",59.40%,€ 0.00,"4,023",0,0.00%,"3,989",0,396,"2,389",59.40%, € -   ,€ 2.78,0.00%, € -   ,€ 0.00
 Paid Social , meta , BIODERMA ,Aug-24,Consideration,BIO-2024-Dr-Julia-Czechner,Engagements,€ 15,"3,435",54.90%,€ 0.00,"6,262",0,0.00%,"6,262",0,"1,327","3,435",54.90%, € -   ,€ 2.37,0.00%, € -   ,€ 0.00
 Paid Social , meta , BIODERMA ,Aug-24,Consideration,BIO-2024-Community-Push,Engagements,€ 12,"2,621",60.50%,€ 0.00,"4,329",0,0.00%,"4,259",0,361,"2,621",60.50%, € -   ,€ 2.89,0.00%, € -   ,€ 0.00
 Paid Social , meta , BIODERMA ,Aug-24,Consideration,BIO-2024-Community-Push,Engagements,€ 12,"2,331",65.40%,€ 0.01,"3,564",0,0.00%,"3,488",0,356,"2,331",65.40%, € -   ,€ 3.31,0.00%, € -   ,€ 0.01
 Paid Social , meta , BIODERMA ,Aug-24,Consideration,BIO-2024-Dr-Julia-Czechner,Engagements,€ 15,"3,232",56.10%,€ 0.00,"5,758",0,0.00%,"5,758",0,"1,251","3,232",56.10%, € -   ,€ 2.52,0.00%, € -   ,€ 0.00
 Paid Social , meta , BIODERMA ,Aug-24,Consideration,BIO-2024-Dr-Julia-Czechner,Engagements,€ 13,"2,931",55.50%,€ 0.00,"5,283",0,0.00%,"5,283",0,"1,174","2,931",55.50%, € -   ,€ 2.51,0.00%, € -   ,€ 0.00
 Paid Social , meta , BIODERMA ,Aug-24,Consideration,BIO-2024-Community-Push,Engagements,€ 11,"2,050",62.40%,€ 0.01,"3,286",0,0.00%,"3,182",0,330,"2,050",62.40%, € -   ,€ 3.34,0.00%, € -   ,€ 0.01
 Paid Social , meta , BIODERMA ,Aug-24,Consideration,BIO-2024-Dr-Julia-Czechner,Engagements,€ 14,"3,082",58.00%,€ 0.00,"5,318",0,0.00%,"5,318",0,"1,191","3,082",58.00%, € -   ,€ 2.57,0.00%, € -   ,€ 0.00
 Paid Social , meta , BIODERMA ,Aug-24,Consideration,BIO-2024-Community-Push,Engagements,€ 10,"1,949",61.00%,€ 0.01,"3,197",0,0.00%,"3,173",0,292,"1,949",61.00%, € -   ,€ 3.19,0.00%, € -   ,€ 0.01
 Paid Social , meta , BIODERMA ,Aug-24,Consideration,BIO-2024-Community-Push,Engagements,€ 8,"1,739",63.70%,€ 0.00,"2,731",0,0.00%,"2,723",0,266,"1,739",63.70%, € -   ,€ 2.81,0.00%, € -   ,€ 0.00
 Paid Social , meta , BIODERMA ,Aug-24,Consideration,BIO-2024-Dr-Julia-Czechner,Engagements,€ 13,"2,885",56.30%,€ 0.00,"5,123",0,0.00%,"5,014",0,"1,100","2,885",56.30%, € -   ,€ 2.56,0.00%, € -   ,€ 0.00
 Paid Social , meta , BIODERMA ,Aug-24,Consideration,BIO-2024-Dr-Julia-Czechner,Engagements,€ 14,"3,087",57.10%,€ 0.00,"5,406",0,0.00%,"5,406",0,"1,208","3,087",57.10%, € -   ,€ 2.51,0.00%, € -   ,€ 0.00
 Paid Social , meta , BIODERMA ,Aug-24,Consideration,BIO-2024-Community-Push,Engagements,€ 8,"1,795",63.80%,€ 0.00,"2,812",0,0.00%,"2,812",0,286,"1,795",63.80%, € -   ,€ 2.79,0.00%, € -   ,€ 0.00
 Paid Social , meta , BIODERMA ,Aug-24,Consideration,BIO-2024-Dr-Julia-Czechner,Engagements,€ 13,"3,237",57.70%,€ 0.00,"5,606",0,0.00%,"5,606",0,"1,291","3,237",57.70%, € -   ,€ 2.36,0.00%, € -   ,€ 0.00
 Paid Social , meta , BIODERMA ,Aug-24,Consideration,BIO-2024-Community-Push,Engagements,€ 8,"1,957",65.80%,€ 0.00,"2,972",0,0.00%,"2,904",0,322,"1,957",65.80%, € -   ,€ 2.63,0.00%, € -   ,€ 0.00
 Paid Social , meta , BIODERMA ,Aug-24,Consideration,BIO-2024-Community-Push,Engagements,€ 9,"2,131",66.10%,€ 0.00,"3,224",0,0.00%,"3,224",0,291,"2,131",66.10%, € -   ,€ 2.65,0.00%, € -   ,€ 0.00
 Paid Social , meta , BIODERMA ,Aug-24,Consideration,BIO-2024-Dr-Julia-Czechner,Engagements,€ 15,"3,648",55.40%,€ 0.00,"6,589",0,0.00%,"6,589",0,"1,487","3,648",55.40%, € -   ,€ 2.23,0.00%, € -   ,€ 0.00
 Paid Social , meta , BIODERMA ,Aug-24,Consideration,BIO-2024-Dr-Julia-Czechner,Engagements,€ 14,"3,364",55.60%,€ 0.00,"6,055",0,0.00%,"6,055",0,"1,334","3,364",55.60%, € -   ,€ 2.38,0.00%, € -   ,€ 0.00
 Paid Social , meta , BIODERMA ,Aug-24,Consideration,BIO-2024-Community-Push,Engagements,€ 8,"1,946",66.90%,€ 0.00,"2,910",0,0.00%,"2,884",0,308,"1,946",66.90%, € -   ,€ 2.84,0.00%, € -   ,€ 0.00
 Paid Social , meta , BIODERMA ,Aug-24,Consideration,BIO-2024-Dr-Julia-Czechner,Engagements,€ 13,"3,108",55.40%,€ 0.00,"5,611",0,0.00%,"5,514",0,"1,283","3,108",55.40%, € -   ,€ 2.34,0.00%, € -   ,€ 0.00
 Paid Social , meta , BIODERMA ,Aug-24,Consideration,BIO-2024-Community-Push,Engagements,€ 8,"1,763",66.30%,€ 0.00,"2,659",0,0.00%,"2,659",0,303,"1,763",66.30%, € -   ,€ 2.93,0.00%, € -   ,€ 0.00
 Paid Social , meta , BIODERMA ,Aug-24,Consideration,BIO-2024-Dr-Julia-Czechner,Engagements,€ 12,"2,912",57.60%,€ 0.00,"5,055",0,0.00%,"5,055",0,"1,105","2,912",57.60%, € -   ,€ 2.39,0.00%, € -   ,€ 0.00
 Paid Social , meta , BIODERMA ,Aug-24,Consideration,BIO-2024-Community-Push,Engagements,€ 8,"1,811",67.50%,€ 0.00,"2,682",0,0.00%,"2,667",0,289,"1,811",67.50%, € -   ,€ 2.89,0.00%, € -   ,€ 0.00
 Paid Social , meta , BIODERMA ,Aug-24,Consideration,BIO-2024-Community-Push,Engagements,€ 8,"1,819",64.80%,€ 0.00,"2,808",0,0.00%,"2,787",0,276,"1,819",64.80%, € -   ,€ 2.77,0.00%, € -   ,€ 0.00
 Paid Social , meta , BIODERMA ,Aug-24,Consideration,BIO-2024-Dr-Julia-Czechner,Engagements,€ 14,"3,114",53.90%,€ 0.00,"5,780",0,0.00%,"5,780",0,"1,270","3,114",53.90%, € -   ,€ 2.40,0.00%, € -   ,€ 0.00
 Paid Social , meta , BIODERMA ,Aug-24,Consideration,BIO-2024-Dr-Julia-Czechner,Engagements,€ 11,"2,277",48.60%,€ 0.00,"4,684",0,0.00%,"4,684",0,"1,042","2,277",48.60%, € -   ,€ 2.31,0.00%, € -   ,€ 0.00
 Paid Social , meta , BIODERMA ,Aug-24,Consideration,BIO-2024-Community-Push,Engagements,€ 8,"1,878",61.90%,€ 0.00,"3,036",0,0.00%,"2,942",0,295,"1,878",61.90%, € -   ,€ 2.65,0.00%, € -   ,€ 0.00
 Paid Social , meta , BIODERMA ,Aug-24,Consideration,BIO-2024-Dr-Julia-Czechner,Engagements,€ 6,"1,463",54.20%,€ 0.00,"2,700",0,0.00%,"2,689",0,687,"1,463",54.20%, € -   ,€ 2.33,0.00%, € -   ,€ 0.00
 Paid Social , meta , BIODERMA ,Aug-24,Consideration,BIO-2024-Community-Push,Engagements,€ 8,"1,988",63.90%,€ 0.00,"3,109",1,0.00%,"3,099",0,288,"1,988",63.90%,€ 8.06,€ 2.59,0.00%, € -   ,€ 0.00
 Paid Social , meta , BIODERMA ,Aug-24,Consideration,BIO-2024-Community-Push,Engagements,€ 9,"2,185",64.70%,€ 0.00,"3,376",0,0.00%,"3,299",0,334,"2,185",64.70%, € -   ,€ 2.62,0.00%, € -   ,€ 0.00
 Paid Social , meta , BIODERMA ,Aug-24,Consideration,BIO-2024-Dr-Julia-Czechner,Engagements,€ 7,"1,685",55.00%,€ 0.00,"3,064",0,0.00%,"3,064",0,811,"1,685",55.00%, € -   ,€ 2.33,0.00%, € -   ,€ 0.00
 Paid Social , meta , BIODERMA ,Aug-24,Consideration,BIO-2024-Dr-Julia-Czechner,Engagements,€ 7,"1,514",55.30%,€ 0.00,"2,740",0,0.00%,"2,656",0,772,"1,514",55.30%, € -   ,€ 2.41,0.00%, € -   ,€ 0.00
 Paid Social , meta , BIODERMA ,Aug-24,Consideration,BIO-2024-Community-Push,Engagements,€ 8,"1,849",62.20%,€ 0.00,"2,972",0,0.00%,"2,972",0,299,"1,849",62.20%, € -   ,€ 2.76,0.00%, € -   ,€ 0.00
 Paid Social , meta , BIODERMA ,Aug-24,Consideration,BIO-2024-Dr-Julia-Czechner,Engagements,€ 7,"1,390",55.80%,€ 0.00,"2,489",0,0.00%,"2,470",0,715,"1,390",55.80%, € -   ,€ 2.64,0.00%, € -   ,€ 0.00
 Paid Social , meta , BIODERMA ,Aug-24,Consideration,BIO-2024-Community-Push,Engagements,€ 8,"1,874",63.40%,€ 0.00,"2,955",0,0.00%,"2,880",0,282,"1,874",63.40%, € -   ,€ 2.79,0.00%, € -   ,€ 0.00
 Paid Social , meta , BIODERMA ,Aug-24,Consideration,BIO-2024-Community-Push,Engagements,€ 8,"1,957",65.40%,€ 0.00,"2,991",0,0.00%,"2,963",0,295,"1,957",65.40%, € -   ,€ 2.63,0.00%, € -   ,€ 0.00
 Paid Social , meta , BIODERMA ,Aug-24,Consideration,BIO-2024-Dr-Julia-Czechner,Engagements,€ 3,480,53.00%,€ 0.01,905,0,0.00%,905,0,238,480,53.00%, € -   ,€ 2.78,0.00%, € -   ,€ 0.01
 Paid Social , meta , BIODERMA ,Aug-24,Consideration,BIO-2024-Community-Push,Engagements,€ 8,"1,769",61.00%,€ 0.00,"2,899",0,0.00%,"2,899",0,273,"1,769",61.00%, € -   ,€ 2.83,0.00%, € -   ,€ 0.00
 Paid Social , meta , BIODERMA ,Aug-24,Consideration,BIO-2024-Community-Push,Engagements,€ 8,"1,795",63.80%,€ 0.00,"2,812",0,0.00%,"2,699",0,284,"1,795",63.80%, € -   ,€ 2.91,0.00%, € -   ,€ 0.00
 Paid Social , meta , BIODERMA ,Aug-24,Consideration,BIO-2024-Community-Push,Engagements,€ 8,"1,763",64.40%,€ 0.00,"2,737",0,0.00%,"2,737",0,288,"1,763",64.40%, € -   ,€ 2.83,0.00%, € -   ,€ 0.00
 Paid Social , meta , BIODERMA ,Aug-24,Consideration,BIO-2024-Community-Push,Engagements,€ 9,"1,954",66.70%,€ 0.00,"2,931",0,0.00%,"2,811",0,330,"1,954",66.70%, € -   ,€ 2.91,0.00%, € -   ,€ 0.00
 Paid Social , meta , BIODERMA ,Aug-24,Consideration,BIO-2024-Community-Push,Engagements,€ 8,"1,545",62.90%,€ 0.01,"2,455",0,0.00%,"2,332",0,258,"1,545",62.90%, € -   ,€ 3.30,0.00%, € -   ,€ 0.01
 Paid Social , meta , BIODERMA ,Aug-24,Consideration,BIO-2024-Community-Push,Engagements,€ 6,944,63.00%,€ 0.01,"1,498",0,0.00%,"1,428",0,158,944,63.00%, € -   ,€ 3.73,0.00%, € -   ,€ 0.01
 Paid Social , meta , BIODERMA ,Jul-24,Consideration,BIO-2024-Community-Push,Engagements,€ 19,"2,536",69.40%,€ 0.01,"3,653",26,0.70%,"3,278",0,"1,833","2,536",69.40%,€ 0.75,€ 5.32,0.00%, € -   ,€ 0.01
 Paid Social , meta , BIODERMA ,Jul-24,Consideration,BIO-2024-Community-Push,Engagements,€ 20,"2,501",63.60%,€ 0.01,"3,935",24,0.60%,"3,644",0,"1,779","2,501",63.60%,€ 0.82,€ 5.03,0.00%, € -   ,€ 0.01
 Paid Social , meta , BIODERMA ,Jul-24,Consideration,BIO-2024-Community-Push,Engagements,€ 20,"2,557",66.80%,€ 0.01,"3,830",18,0.50%,"3,579",0,"1,888","2,557",66.80%,€ 1.10,€ 5.15,0.00%, € -   ,€ 0.01
 Paid Social , meta , BIODERMA ,Jul-24,Consideration,BIO-2024-Community-Push,Engagements,€ 21,"2,771",67.20%,€ 0.01,"4,121",24,0.60%,"3,789",0,"1,989","2,771",67.20%,€ 0.88,€ 5.10,0.00%, € -   ,€ 0.01
 Paid Social , meta , BIODERMA ,Jul-24,Consideration,BIO-2024-Community-Push,Engagements,€ 20,"2,546",66.90%,€ 0.01,"3,804",18,0.50%,"3,412",0,"1,798","2,546",66.90%,€ 1.11,€ 5.27,0.00%, € -   ,€ 0.01
 Paid Social , meta , BIODERMA ,Jul-24,Consideration,BIO-2024-Community-Push,Engagements,€ 19,"2,395",66.30%,€ 0.01,"3,611",19,0.50%,"3,298",0,"1,694","2,395",66.30%,€ 1.03,€ 5.40,0.00%, € -   ,€ 0.01
 Paid Social , meta , BIODERMA ,Jul-24,Consideration,BIO-2024-Community-Push,Engagements,€ 20,"2,432",64.70%,€ 0.01,"3,758",25,0.70%,"3,488",0,"1,708","2,432",64.70%,€ 0.79,€ 5.27,0.00%, € -   ,€ 0.01
 Paid Social , meta , BIODERMA ,Jul-24,Consideration,BIO-2024-Community-Push,Engagements,€ 20,"2,465",68.20%,€ 0.01,"3,614",14,0.40%,"3,345",0,"1,815","2,465",68.20%,€ 1.41,€ 5.46,0.00%, € -   ,€ 0.01
 Paid Social , meta , BIODERMA ,Jul-24,Consideration,BIO-2024-Community-Push,Engagements,€ 20,"2,502",67.60%,€ 0.01,"3,699",18,0.50%,"3,590",0,"1,837","2,502",67.60%,€ 1.10,€ 5.37,0.00%, € -   ,€ 0.01
 Paid Social , meta , BIODERMA ,Jul-24,Consideration,BIO-2024-Community-Push,Engagements,€ 20,"2,462",70.10%,€ 0.01,"3,512",12,0.30%,"3,153",0,"1,871","2,462",70.10%,€ 1.67,€ 5.70,0.00%, € -   ,€ 0.01
 Paid Social , meta , BIODERMA ,Jul-24,Consideration,BIO-2024-Community-Push,Engagements,€ 21,"2,636",68.60%,€ 0.01,"3,845",26,0.70%,"3,482",0,"1,929","2,636",68.60%,€ 0.81,€ 5.48,0.00%, € -   ,€ 0.01
 Paid Social , meta , BIODERMA ,Jul-24,Consideration,BIO-2024-Community-Push,Engagements,€ 20,"2,209",70.10%,€ 0.01,"3,152",22,0.70%,"2,912",0,"1,634","2,209",70.10%,€ 0.91,€ 6.36,0.00%, € -   ,€ 0.01
 Paid Social , meta , BIODERMA ,Jul-24,Consideration,BIO-2024-Stationäre-Apotheken,Engagements,€ 2,247,55.50%,€ 0.01,445,1,0.20%,445,0,81,247,55.50%,€ 2.29,€ 5.15,0.00%, € -   ,€ 0.01
 Paid Social , meta , BIODERMA ,Jul-24,Consideration,BIO-2024-Community-Push,Engagements,€ 19,"2,268",71.40%,€ 0.01,"3,175",31,1.00%,"2,892",0,"1,668","2,268",71.40%,€ 0.63,€ 6.13,0.00%, € -   ,€ 0.01
 Paid Social , meta , BIODERMA ,Jul-24,Consideration,BIO-2024-Stationäre-Apotheken,Engagements,€ 10,"1,194",54.90%,€ 0.01,"2,175",1,0.00%,"2,121",0,282,"1,194",54.90%,€ 9.56,€ 4.40,0.00%, € -   ,€ 0.01
 Paid Social , meta , BIODERMA ,Jul-24,Consideration,BIO-2024-Community-Push,Engagements,€ 20,"2,244",68.80%,€ 0.01,"3,260",11,0.30%,"2,983",0,"1,708","2,244",68.80%,€ 1.79,€ 6.03,0.00%, € -   ,€ 0.01
 Paid Social , meta , BIODERMA ,Jul-24,Consideration,BIO-2024-Stationäre-Apotheken,Engagements,€ 10,"1,038",49.30%,€ 0.01,"2,106",3,0.10%,"2,066",0,280,"1,038",49.30%,€ 3.17,€ 4.52,0.00%, € -   ,€ 0.01
 Paid Social , meta , BIODERMA ,Jul-24,Consideration,BIO-2024-Community-Push,Engagements,€ 20,"2,223",69.60%,€ 0.01,"3,193",14,0.40%,"2,881",0,"1,681","2,223",69.60%,€ 1.41,€ 6.18,0.00%, € -   ,€ 0.01
 Paid Social , meta , BIODERMA ,Jul-24,Consideration,BIO-2024-Stationäre-Apotheken,Engagements,€ 10,"1,043",46.70%,€ 0.01,"2,233",2,0.10%,"2,233",0,264,"1,043",46.70%,€ 4.76,€ 4.26,0.00%, € -   ,€ 0.01
 Paid Social , meta , BIODERMA ,Jul-24,Consideration,BIO-2024-Community-Push,Engagements,€ 20,"2,316",64.90%,€ 0.01,"3,566",17,0.50%,"3,333",0,"1,671","2,316",64.90%,€ 1.16,€ 5.54,0.00%, € -   ,€ 0.01
 Paid Social , meta , BIODERMA ,Jul-24,Consideration,BIO-2024-Stationäre-Apotheken,Engagements,€ 7,888,43.90%,€ 0.01,"2,023",0,0.00%,"1,974",0,209,888,43.90%, € -   ,€ 3.28,0.00%, € -   ,€ 0.01
 Paid Social , meta , BIODERMA ,Jul-24,Consideration,BIO-2024-Community-Push,Engagements,€ 20,"2,420",65.80%,€ 0.01,"3,677",17,0.50%,"3,612",0,"1,696","2,420",65.80%,€ 1.18,€ 5.46,0.00%, € -   ,€ 0.01
 Paid Social , meta , BIODERMA ,Jul-24,Consideration,BIO-2024-Stationäre-Apotheken,Engagements,€ 4,564,49.50%,€ 0.01,"1,140",5,0.40%,"1,129",0,126,564,49.50%,€ 0.70,€ 3.09,0.00%, € -   ,€ 0.01
 Paid Social , meta , BIODERMA ,Jul-24,Consideration,BIO-2024-Community-Push,Engagements,€ 21,"2,395",63.00%,€ 0.01,"3,803",29,0.80%,"3,624",0,"1,642","2,395",63.00%,€ 0.73,€ 5.59,0.00%, € -   ,€ 0.01
 Paid Social , meta , BIODERMA ,Jul-24,Consideration,BIO-2024-Stationäre-Apotheken,Engagements,€ 3,457,47.80%,€ 0.01,956,0,0.00%,918,0,100,457,47.80%, € -   ,€ 3.38,0.00%, € -   ,€ 0.01
 Paid Social , meta , BIODERMA ,Jul-24,Consideration,BIO-2024-Community-Push,Engagements,€ 34,"3,765",64.80%,€ 0.01,"5,811",33,0.60%,"5,644",0,"2,672","3,765",64.80%,€ 1.04,€ 5.89,0.00%, € -   ,€ 0.01
 Paid Social , meta , BIODERMA ,Jul-24,Consideration,BIO-2024-Stationäre-Apotheken,Engagements,€ 2,187,48.40%,€ 0.01,386,2,0.50%,383,0,58,187,48.40%,€ 0.89,€ 4.61,0.00%, € -   ,€ 0.01
 Paid Social , meta , BIODERMA ,Jul-24,Consideration,BIO-2024-Community-Push,Engagements,€ 34,"3,582",55.40%,€ 0.01,"6,463",30,0.50%,"6,240",0,"2,056","3,582",55.40%,€ 1.14,€ 5.30,0.00%, € -   ,€ 0.01
