Keyword,Keyword Category,Clicks,Impression,CTR,Position,Clicks Change,Impression Change,CTR Change,Position Change
atopische haut,"Indication, Skin type",180,12896,1.4%,4.77,-9.5%,29.3%,-0.6%,0.58
trockene haut,"Skin problem, Skin type",162,64687,0.3%,11.66,25.6%,31.2%,0.0%,-0.7
hautrötungen im gesicht,Skin problem,146,5534,2.6%,3.52,33.9%,134.4%,-2.0%,1.18
apotheke essen hbf,Apotheke,124,3320,3.7%,4.24,853.8%,51.2%,3.1%,-3.78
dehydrierte haut,"Skin problem,  Skin type",90,6154,1.5%,4.98,-48.9%,22.4%,-2.0%,1.34
rötungen im gesicht,Skin problem,75,20692,0.4%,7.46,-73.7%,5.0%,-1.1%,3.02
sonnencreme rosacea,"Indication, Product Category",66,4771,1.4%,10.62,2100.0%,371.9%,1.1%,-13.51
atopie haut,Indication,57,3007,1.9%,3.75,-35.2%,0.4%,-1.0%,0.29
rosacea sonnencreme,"Indication, Product Category",49,3364,1.5%,8.96,4800.0%,1159.9%,1.1%,-11.42
sonnencreme bei rosacea,"Indication, Product Category, Question",43,3377,1.3%,10.47,0.0%,1677.4%,1.3%,-27.57
hautrötungen gesicht,Skin problem,43,1545,2.8%,2.49,-24.6%,12.8%,-1.4%,0.1
essen hbf apotheke,Apotheke,43,1017,4.2%,3.9,1333.3%,71.8%,3.7%,-3.92
wie sieht ein ekzem aus,"Indication, Question",41,5749,0.7%,6.92,0.0%,45.7%,-0.3%,-2.38
seborrhoisches ekzem oder schuppenflechte,"Indication, Question",39,563,6.9%,2.14,-62.9%,-9.2%,-10.0%,0.39
sonnenschutz rosacea,"Indication, Product Category",38,2697,1.4%,9.85,1800.0%,182.1%,1.2%,-3.44
gehen pickelmale von alleine weg,"Skin problem, Question",38,1005,3.8%,1.65,0.0%,-0.1%,0.0%,0.37
bb cream rosacea,"Indication, Product Category, Product Texture",36,1224,2.9%,5.79,100.0%,22.9%,1.1%,2.61
ekzem,Indication,35,7939,0.4%,22.9,150.0%,166.4%,0.0%,-5.23
dehydrierte haut behandeln,"Skin problem, Skin type",32,746,4.3%,3.36,45.5%,1.1%,1.3%,-1.84
melasma,Indication,30,28063,0.1%,11.29,87.5%,44.4%,0.0%,0.02
große schuppen kopfhaut,Skin problem,30,2861,1.0%,4.34,-36.2%,-11.0%,-0.4%,0.23
schuppenflechte oder seborrhoisches ekzem,"Indication, Question",30,140,21.4%,1.35,-41.2%,-28.2%,-4.7%,0.18
atopische diathese,Indication,25,4659,0.5%,6.7,-57.6%,5.8%,-0.8%,-0.03
pickelmale entfernen,Skin problem,24,3680,0.7%,16.1,-64.7%,-45.4%,-0.4%,6.09
ekzem arten,Indication,24,624,3.8%,4.93,118.2%,39.6%,1.4%,-0.84
plötzlich trockene haut im gesicht,"Skin problem, Skin type",23,3317,0.7%,8.54,-42.5%,23.1%,-0.8%,3.05
haut spannt im gesicht,Skin problem,23,781,2.9%,5.41,4.5%,27.6%,-0.6%,-0.31
psoriasis oder seborrhoisches ekzem,"Indication, Question",23,204,11.3%,2.16,9.5%,10.9%,-0.1%,0.28
seborrhoisches ekzem,Indication,22,1933,1.1%,25.3,-18.5%,-5.1%,-0.2%,3.24
sonnencreme gesicht rosacea,"Indication, Product Category",22,1248,1.8%,9.44,0.0%,1735.3%,1.8%,-21.99
dandruff deutsch,"Skin problem, Question",22,854,2.6%,2.23,0.0%,0.0%,2.6%,2.23
welches mizellenwasser bei rosacea,"Indication, Product Category, Question",21,238,8.8%,1.75,50.0%,88.9%,-2.3%,-0.49
schuppen kopfhaut,Skin problem,20,9084,0.2%,11.57,-87.9%,-73.9%,-0.3%,2.81
sonnenschutz bei rosacea,"Indication, Product Category, Question",20,2153,0.9%,9.99,900.0%,832.0%,0.1%,-5.96
was ist atopische haut,"Indication, Question",20,1658,1.2%,4.64,33.3%,81.4%,-0.4%,0.51
rötung nach pickel geht nicht weg,Skin problem,20,1035,1.9%,5.2,25.0%,-3.5%,0.4%,0.92
apotheke essen hauptbahnhof,Apotheke,20,374,5.3%,3.68,0.0%,30.3%,5.3%,-4.71
pickel loswerden,Skin problem,19,6913,0.3%,6.59,-61.2%,-8.9%,-0.4%,0.39
rosacea sonnenschutz,"Indication, Product Category",19,1198,1.6%,11.37,1800.0%,527.2%,1.1%,-2.14
gesicht rötungen,Skin problem,18,1133,1.6%,5.74,-37.9%,23.6%,-1.6%,2.62
wie sieht trockene haut aus,"Skin problem, Skin type, Question",18,977,1.8%,3.18,28.6%,5.9%,0.3%,0.97
empfindliche mischhaut mit unreinheiten,"Skin problem, Skin type",18,538,3.3%,4.26,-45.5%,-8.0%,-2.3%,-0.23
arten von ekzemen,Indication,18,208,8.7%,3.63,157.1%,50.7%,3.6%,-1.3
seborrhoisches ekzem schuppenflechte,Indication,18,152,11.8%,1.2,-37.9%,-10.6%,-5.2%,0.19
rote haut gesicht,Skin problem,17,4161,0.4%,8.12,-45.2%,21.1%,-0.5%,2.86
gerötete haut gesicht,Skin problem,17,2864,0.6%,8.73,-69.1%,10.5%,-1.5%,3.83
rötungen gesicht,Skin problem,17,2134,0.8%,5.55,-56.4%,53.9%,-2.0%,2.13
schuppenarten,Skin problem,17,552,3.1%,1.69,-45.2%,9.5%,-3.1%,0.62
gehen pickelmale weg,"Skin problem, Question",17,334,5.1%,1.4,112.5%,-10.0%,2.9%,-2.8
atopisches ekzem,Indication,16,12632,0.1%,15.1,1500.0%,583.5%,0.1%,-39.14
spray gegen juckreiz,"Skin problem, Product Category",16,1297,1.2%,4.34,77.8%,57.8%,0.1%,-2.99
hautrötungen,Skin problem,15,6649,0.2%,9.16,-46.4%,10.3%,-0.2%,-1.33
mizellenwasser,Product Category,15,2647,0.6%,26.34,-37.5%,-64.7%,0.2%,-17.61
hautrötung gesicht,Skin problem,15,2591,0.6%,5.97,-89.6%,-34.1%,-3.1%,2.7
welche sonnencreme bei rosacea,"Indication, Product Category, Question",15,1871,0.8%,10.09,0.0%,727.9%,0.8%,-33.84
arten von schuppen,Skin problem,15,470,3.2%,1.49,-72.7%,1.1%,-8.6%,0.34
haut nimmt keine feuchtigkeit auf,Skin problem,15,331,4.5%,3.09,-16.7%,36.8%,-2.9%,-0.93
hautpflege apotheke,"Product Category, Apotheke",14,1839,0.8%,6.8,600.0%,69.5%,0.6%,-8.57
pickel narben,Skin problem,14,761,1.8%,10.91,-12.5%,-6.2%,-0.1%,4
schuppen arten,Skin problem,14,467,3.0%,1.5,-73.6%,-13.8%,-6.8%,0.49
pickel entfernen,Skin problem,13,9029,0.1%,10.62,62.5%,81.0%,0.0%,-6.89
schuppen am kopf,Skin problem,13,3162,0.4%,8.47,-63.9%,-19.4%,-0.5%,2.26
dehydrierte haut gesicht,"Skin problem, Skin type",13,1616,0.8%,7.67,-59.4%,5.1%,-1.3%,3.39
sonnencreme für rosacea,"Indication, Product Category",13,928,1.4%,9.17,0.0%,1225.7%,1.4%,-25.32
neurodermitis arten,Indication,13,922,1.4%,6.23,160.0%,57.3%,0.6%,-1.92
geschädigte hautbarriere reparieren,Skin problem,13,914,1.4%,7.88,-38.1%,-28.1%,-0.2%,1.09
stechen auf der haut,Skin problem,13,590,2.2%,3.02,8.3%,-25.0%,0.7%,-1.52
dehydrierte haut mit unreinheiten,"Skin problem, Skin type",13,519,2.5%,7.57,-38.1%,-19.4%,-0.8%,0.78
rote aknenarben,Skin problem,13,322,4.0%,3.39,44.4%,-19.9%,1.8%,-0.24
apotheke hbf essen,Apotheke,13,317,4.1%,4.14,1200.0%,32.1%,3.7%,-2.19
geschädigte haut reparieren,Skin problem,13,204,6.4%,1.25,-51.9%,-26.6%,-3.3%,0.19
trockene haut symptome,"Skin problem, Skin type",12,1533,0.8%,8.4,140.0%,48.3%,0.3%,-0.36
beste sonnencreme bei rosacea,"Indication, Product Category",12,1293,0.9%,10.77,0.0%,3818.2%,0.9%,-36.84
kopfhautschuppen,Skin problem,12,1171,1.0%,6.09,-20.0%,7.6%,-0.4%,0.64
pore refiner,Product Category,12,528,2.3%,2.6,-25.0%,-48.9%,0.7%,-2.5
dandruff,Skin problem,12,403,3.0%,2.33,1100.0%,1915.0%,-2.0%,-0.72
dehydrierte haut produkte,"Skin problem, Skin type, Product Category",12,328,3.7%,4.03,9.1%,4.8%,0.1%,-1.78
stechende haut,Skin problem,12,309,3.9%,1.8,-29.4%,-2.8%,-1.5%,-1.25
aknenarben behandeln,Indication,12,303,4.0%,17.6,33.3%,-58.7%,2.7%,-21.92
apotheke hauptbahnhof essen,Apotheke,12,276,4.3%,3.36,300.0%,-5.8%,3.3%,-3.68
bb creme rosacea,"Indication, Product Category, Product Texture",12,174,6.9%,2.51,100.0%,13.7%,3.0%,-0.97
ekzemarten,Indication,12,150,8.0%,2.09,200.0%,20.0%,4.8%,-2.88
kratzer schneller heilen,Skin problem,12,122,9.8%,3.02,50.0%,-5.4%,3.6%,0.03
rote stellen im gesicht,Skin problem,11,3222,0.3%,11.46,83.3%,56.0%,0.1%,1.04
ausgetrocknete haut,Skin problem,11,2179,0.5%,8.61,37.5%,-12.4%,0.2%,2.2
pickelmale loswerden,Skin problem,11,2105,0.5%,12.44,-73.2%,-51.9%,-0.4%,3.76
rötungen im gesicht ursachen,"Skin problem, Question",11,1672,0.7%,6.55,-70.3%,-1.8%,-1.5%,1.24
trockene stirn,"Skin problem, Skin type",11,1131,1.0%,8,-8.3%,-21.1%,0.1%,-0.91
mizellenwasser rosacea,"Indication, Product Category",11,448,2.5%,4.31,-15.4%,24.1%,-1.1%,-1.63
haut reparieren,Skin problem,11,361,3.0%,2.5,10.0%,-9.3%,0.5%,0.33
atopische diathese haut,Indication,11,132,8.3%,1.43,0.0%,3.9%,-0.3%,0.41
wie fühlt sich trockene haut an,"Skin problem, Skin type, Question",11,125,8.8%,1.74,83.3%,-19.9%,5.0%,-0.66
rötung im gesicht,Skin problem,10,4907,0.2%,9.23,-56.5%,6.4%,-0.3%,2.05
pickelmale,Skin problem,10,4062,0.2%,14.07,-86.3%,-81.8%,-0.1%,4.11
rote gesichtshaut,Skin problem,10,2533,0.4%,9.36,-50.0%,24.2%,-0.6%,3.32
was hilft gegen pickelmale,"Skin problem, Question",10,2062,0.5%,22.87,-28.6%,20.0%,-0.3%,2.55
apotheke medebach,Apotheke,10,2014,0.5%,9.73,233.3%,938.1%,-1.0%,-2.82
pickel arten,Skin problem,10,1765,0.6%,8.55,-56.5%,82.9%,-1.8%,-2.69
plötzlich trockene haut,"Skin problem, Skin type",10,1343,0.7%,7.07,-23.1%,-5.2%,-0.2%,1.08
fettige mischhaut,"Skin problem, Skin type",10,939,1.1%,1.39,900.0%,16.6%,0.9%,-10
haut hydrieren,Skin problem,10,292,3.4%,2.68,25.0%,45.3%,-0.6%,-0.72
gehen aknenarben weg,"Indication, Skin problem, Question",10,225,4.4%,1.12,-23.1%,11.4%,-2.0%,-0.98
dehydrierte haut creme,"Skin problem, Skin type, Product Category",10,201,5.0%,2.91,900.0%,38.6%,4.3%,-4.97
wie entstehen schuppen,"Skin problem, Question",9,5209,0.2%,7.25,-30.8%,-17.0%,0.0%,1.03
aknenarben,"Indication, Skin problem",9,4788,0.2%,41.8,-43.8%,11.4%,-0.2%,19.61
woher kommen schuppen,"Skin problem, Question",9,3913,0.2%,6.77,-65.4%,-17.4%,-0.3%,0.65
sos spray,"Skin problem, Product Category",9,1917,0.5%,7.54,350.0%,128.2%,0.2%,-1.04
pickelnarben wegbekommen,"Indication, Skin problem",9,1627,0.6%,9.37,28.6%,26.8%,0.0%,-0.28
dehydrierte haut symptome,"Skin problem, Skin type",9,1527,0.6%,6.67,12.5%,-0.8%,0.1%,1.9
hautempfindlichkeit,Skin problem,9,1181,0.8%,5.39,0.0%,3.3%,0.0%,-1.14
aknenarben entfernen,"Indication, Skin problem",9,816,1.1%,32.41,-80.4%,-75.7%,-0.3%,-1.17
atopische haut pflege,"Indication, Skin type, Product Category",9,591,1.5%,4.69,28.6%,61.9%,-0.4%,1.01
kribbeln und pieksen auf der haut,Skin problem,9,430,2.1%,8.53,12.5%,11.7%,0.0%,-0.37
rote flecken nach pickel,Skin problem,9,391,2.3%,3.05,-57.1%,-3.9%,-2.9%,1.4
kratzer schnell heilen,Skin problem,9,212,4.2%,2.95,0.0%,41.3%,-1.8%,-0.23
was tun gegen aknenarben,"Indication, Skin problem, Question",9,198,4.5%,13.21,28.6%,-13.2%,1.5%,4.34
kratzer auf der haut wegbekommen,Skin problem,9,185,4.9%,3.18,0.0%,28.5%,-1.4%,0.19
narben an den beinen durch kratzen,Skin problem,9,166,5.4%,3.23,0.0%,95.3%,-5.2%,-0.25
apotheke am hauptbahnhof essen,Apotheke,9,109,8.3%,3.35,800.0%,-25.3%,7.6%,-3.51
seborrhoisches ekzem ellenbogen,Indication,9,89,10.1%,3.48,-18.2%,-10.1%,-1.0%,0.29
bb cream bei rosacea,"Indication, Product Category, Product Texture",9,76,11.8%,1.09,0.0%,0.0%,11.8%,1.09
dehydrierte haut trotz viel trinken,"Skin problem, Skin type",9,75,12.0%,1.08,28.6%,36.4%,-0.7%,0.08
unterschied seborrhoisches ekzem und schuppenflechte,"Indication, Question",9,75,12.0%,2.63,28.6%,-11.8%,3.8%,-0.35
seborrhoische dermatitis schuppenflechte,Indication,9,73,12.3%,1.08,-18.2%,-5.2%,-2.0%,0.08
reine haut,Skin problem,8,7037,0.1%,8.33,166.7%,162.7%,0.0%,-2.15
atopisch,Indication,8,5138,0.2%,11.07,-61.9%,-55.9%,0.0%,1.6
haarschuppen,Skin problem,8,4072,0.2%,10.32,-66.7%,-5.5%,-0.4%,0.81
wie bekommt man pickel weg,"Skin problem, Question",8,3635,0.2%,6.18,-20.0%,-27.5%,0.0%,-0.47
rosacea,Indication,8,2682,0.3%,40.16,300.0%,0.6%,0.2%,-7.36
gerötete haut,Skin problem,8,1936,0.4%,15.1,100.0%,-20.3%,0.2%,3
akne narben,"Indication, Skin problem",8,1475,0.5%,48.68,33.3%,10.1%,0.1%,15.89
talgpickel im gesicht,Skin problem,8,1460,0.5%,10.92,-11.1%,18.5%,-0.2%,1.11
pickel weg über nacht,Skin problem,8,1428,0.6%,8.27,300.0%,53.4%,0.3%,-0.33
übermäßige talgproduktion,Skin problem,8,1221,0.7%,9.55,-46.7%,0.2%,-0.6%,-0.03
trockene haut trotz viel trinken,"Skin problem, Skin type",8,910,0.9%,9.27,300.0%,81.3%,0.5%,-0.7
autobronzant,"Product Category, Product Texture",8,899,0.9%,5.34,700.0%,4.5%,0.8%,0.7
wie lange dauert es bis pickelmale verschwinden,"Skin problem, Question",8,469,1.7%,4.49,14.3%,-13.3%,0.4%,-0.19
welche sonnencreme bei rosacea erfahrungen,"Indication, Product Category, Question",8,455,1.8%,11.58,0.0%,1066.7%,1.8%,-32.91
schuppige stellen kopfhaut,Skin problem,8,398,2.0%,3.52,0.0%,-10.6%,0.2%,-0.51
sonnenschutz für rosacea,"Indication, Product Category",8,389,2.1%,7.93,0.0%,634.0%,2.1%,-9.69
mizellenwasser bei rosacea,"Indication, Product Category",8,322,2.5%,4.88,166.7%,30.4%,1.3%,-2.13
können aknenarben verschwinden,"Indication, Skin problem, Question",8,209,3.8%,1.77,-50.0%,-13.6%,-2.8%,-0.36
essen hauptbahnhof apotheke,Apotheke,8,182,4.4%,4.13,300.0%,-15.7%,3.5%,-4.97
wie heilen kratzer schneller,"Skin problem, Question",8,175,4.6%,3.09,300.0%,11.5%,3.3%,-0.17
apotheke bahnhof essen,Apotheke,8,168,4.8%,3.99,300.0%,130.1%,2.0%,-5.31
akne rote flecken,"Indication, Skin problem",8,166,4.8%,2.73,-73.3%,-35.7%,-6.8%,1.45
getönte sonnencreme rosacea,"Indication, Product Category, Product Texture",8,125,6.4%,4.18,0.0%,0.0%,6.4%,4.18
bb creme bei rosacea,"Indication, Product Category, Product Texture",8,39,20.5%,1.54,60.0%,62.5%,-0.3%,-1.67
nova apotheke langen,Apotheke,7,2914,0.2%,7.82,0.0%,177.5%,0.2%,-1.71
herz apotheke sigmaringen,Apotheke,7,1994,0.4%,6.76,0.0%,41.2%,0.4%,-0.88
wundheilcreme,"Skin problem, Product Category",7,1985,0.4%,7.64,75.0%,91.4%,0.0%,-1.43
pickel rötungen über nacht loswerden,Skin problem,7,1689,0.4%,4.69,-58.8%,-20.6%,-0.4%,-1.64
apotheke hautpflege,"Product Category, Apotheke",7,1318,0.5%,9.28,600.0%,146.4%,0.3%,-7.93
bb cream empfindliche haut,"Skin type, Product Category, Product Texture",7,1064,0.7%,9.91,600.0%,17.8%,0.5%,0.38
trockene haut arme,"Skin problem, Skin type",7,1049,0.7%,6.75,40.0%,84.7%,-0.2%,0.3
woran erkennt man trockene haut,"Skin problem, Skin type, Question",7,1007,0.7%,4.6,-12.5%,-4.5%,-0.1%,1.21
wie wird man pickel los,"Skin problem, Question",7,811,0.9%,3.61,40.0%,-32.7%,0.4%,-0.57
hautrötung im gesicht,Skin problem,7,742,0.9%,5.57,-53.3%,27.1%,-1.6%,1.71
pickelmale wie lange,"Skin problem, Question",7,715,1.0%,5.45,-53.3%,-1.9%,-1.1%,1.11
juckreiz spray,"Skin problem, Product Category",7,710,1.0%,4.31,600.0%,81.1%,0.7%,-4.07
gesichtshaut spannt,Skin problem,7,499,1.4%,6.09,-30.0%,11.6%,-0.8%,0.06
trockene arme,Skin problem,7,360,1.9%,5.12,600.0%,195.1%,1.1%,0.69
rosacea bb cream,"Indication, Product Category, Product Texture",7,324,2.2%,5.99,-12.5%,87.3%,-2.5%,1.33
grosse schuppen auf kopfhaut,Skin problem,7,308,2.3%,4.56,-12.5%,14.9%,-0.7%,1.35
kratzer im gesicht schnell wegbekommen,Skin problem,7,272,2.6%,2.89,-63.2%,-49.7%,-0.9%,-0.51
gesichtsalterung,Skin problem,7,236,3.0%,5.44,75.0%,7.8%,1.1%,0.95
erythrose haut,Indication,7,227,3.1%,6.65,0.0%,-8.1%,0.2%,1.1
feste schuppen auf der kopfhaut,Skin problem,7,218,3.2%,3.92,250.0%,122.4%,1.2%,-0.44
inflamm aging,Skin problem,7,218,3.2%,7.16,-12.5%,29.8%,-1.6%,0.9
hydratisierung der haut,Skin problem,7,215,3.3%,5.55,600.0%,4200.0%,-16.7%,-10.85
kratzer auf haut schnell wegbekommen,Skin problem,7,189,3.7%,2.91,-22.2%,26.8%,-2.3%,-0.05
kratzer im gesicht behandeln,Skin problem,7,179,3.9%,2.85,250.0%,163.2%,1.0%,-0.47
was hilft gegen kratzer auf der haut,"Skin problem, Question",7,156,4.5%,3.53,-12.5%,-11.9%,0.0%,0.48
ekzeme arten,Indication,7,149,4.7%,3.98,40.0%,31.9%,0.3%,-2.37
rote flecken nach pickel loswerden,Skin problem,7,143,4.9%,3.25,250.0%,155.4%,1.3%,-0.32
seborrhoisches ekzem psoriasis,Indication,7,109,6.4%,1.93,-12.5%,5.8%,-1.3%,0.89
kratzer narben entfernen,Skin problem,7,106,6.6%,2.02,600.0%,562.5%,0.4%,0.27
seborrhoisches ekzem ohne schuppen,Indication,7,97,7.2%,1.32,-63.2%,-19.2%,-8.6%,0.32
seborrhoisches ekzem salzwasser,Indication,7,52,13.5%,2.56,-72.0%,-52.3%,-9.5%,1.51
kopfhaut schuppen,Skin problem,6,2836,0.2%,13.25,-62.5%,-40.7%,-0.1%,4.96
plötzlich trockene haut am ganzen körper,"Skin problem, Skin type",6,1343,0.4%,9.26,500.0%,957.5%,-0.3%,2.98
schuppen kopfhaut loswerden,Skin problem,6,1331,0.5%,5.85,-92.0%,-39.7%,-2.9%,3.35
trockene haut erkennen,"Skin problem, Skin type",6,940,0.6%,3.22,-25.0%,-4.8%,-0.2%,-0.02
gehen pickelnarben weg,"Indication, Skin problem, Question",6,838,0.7%,1.43,-33.3%,-15.4%,-0.2%,-0.17
dehydrierte haut akne,"Indication, Skin problem, Skin type",6,821,0.7%,5.08,20.0%,-4.2%,0.1%,0.28
woran erkenne ich trockene haut,"Skin problem, Skin type, Question",6,799,0.8%,5.28,-45.5%,-7.5%,-0.5%,1.6
akne flecken entfernen,"Indication, Skin problem",6,679,0.9%,11.18,100.0%,-5.7%,0.5%,1.75
mizellenwasser empfindliche haut,"Skin type, Product Category",6,525,1.1%,5.58,50.0%,57.7%,-0.1%,0.09
sonnenschutz gesicht rosacea,"Indication, Product Category",6,514,1.2%,8.83,0.0%,678.8%,1.2%,-9.56
was bedeutet atopische haut,"Indication, Question",6,387,1.6%,4.55,200.0%,69.7%,0.7%,0.13
"kratzer im gesicht, narbe verhindern",Skin problem,6,304,2.0%,3.76,-40.0%,-24.6%,-0.5%,0.55
haut ausgetrocknet,Skin problem,6,199,3.0%,6.91,20.0%,15.7%,0.1%,1.32
sonnencreme rosacea gesicht,"Indication, Product Category",6,159,3.8%,8.85,0.0%,0.0%,3.8%,8.85
rötungen haut gesicht,Skin problem,6,147,4.1%,3.99,50.0%,58.1%,-0.2%,0.91
gehen pickel narben wieder weg,"Skin problem, Question",6,146,4.1%,1.52,200.0%,97.3%,1.4%,-1.4
schramme im gesicht,Skin problem,6,128,4.7%,1.39,0.0%,11.3%,-0.5%,0.34
seborrhoische psoriasis,Indication,6,128,4.7%,1.75,-25.0%,-1.5%,-1.5%,0.44
kratzer behandeln,Skin problem,6,122,4.9%,3.92,-50.0%,8.9%,-5.8%,0.56
bb cream sensible haut,"Skin type, Product Category, Product Texture",6,104,5.8%,5.04,0.0%,141.9%,5.8%,-6.59
seborrhoisches ekzem oder psoriasis,"Indication, Question",6,88,6.8%,2.34,-60.0%,-17.8%,-7.2%,-0.29
rötungen,Skin problem,5,5860,0.1%,7.66,-44.4%,51.6%,-0.1%,2.79
warum bekommt man schuppen,"Skin problem, Question",5,2032,0.2%,6.91,-54.5%,-13.3%,-0.2%,1.65
pickel narben loswerden,Skin problem,5,1877,0.3%,9.29,-28.6%,-8.2%,-0.1%,0.76
rote haut im gesicht,Skin problem,5,1754,0.3%,7.98,-37.5%,-3.7%,-0.2%,2.94
rotes gesicht ursachen,"Skin problem, Question",5,1351,0.4%,13.26,0.0%,-10.3%,0.0%,0.42
gerötete gesichtshaut,Skin problem,5,1182,0.4%,11.92,66.7%,-22.2%,0.2%,2.74
seborrhoisches ekzem kopfhaut,Indication,5,1154,0.4%,37.4,400.0%,18.7%,0.3%,7.56
haarschuppen ursache,"Skin problem, Question",5,1027,0.5%,10.48,25.0%,71.5%,-0.2%,1.31
haut spannt,Skin problem,5,986,0.5%,6.72,0.0%,52.4%,0.5%,-0.93
bb cream für empfindliche haut,"Skin type, Product Category, Product Texture",5,981,0.5%,11.73,150.0%,21.3%,0.3%,1.34
wie erkennt man trockene haut,"Skin problem, Skin type, Question",5,838,0.6%,2.99,-16.7%,-7.2%,-0.1%,-0.3
rote pickelmale loswerden,Skin problem,5,680,0.7%,5.8,-61.5%,-18.2%,-0.8%,0.08
rötung gesicht,Skin problem,5,668,0.7%,8.65,-44.4%,-5.4%,-0.5%,1.94
schuppige stelle kopfhaut,Skin problem,5,623,0.8%,4.89,-28.6%,-24.8%,0.0%,-0.17
welcher sonnenschutz bei rosacea,"Indication, Product Category, Question",5,599,0.8%,10.33,0.0%,1030.2%,0.8%,-18.9
kratzer im gesicht,Skin problem,5,565,0.9%,3.33,-87.8%,-30.3%,-4.2%,1.1
mineral sonnencreme,"Product Category, Product Texture",5,495,1.0%,14.34,150.0%,6.5%,0.6%,1.75
was ist ein atopisches ekzem,"Indication, Question",5,431,1.2%,10.21,0.0%,0.0%,1.2%,10.21
schutz der haut,Skin problem,5,405,1.2%,7.28,0.0%,563.9%,1.2%,-9.26
huile de douche,"Product Category, Product Texture",5,390,1.3%,3.52,25.0%,-19.3%,0.5%,1.1
rote flecken nach pickel ausdrücken,Skin problem,5,357,1.4%,7.1,25.0%,-10.3%,0.4%,1.71
wie lange brauchen pickelmale um zu verschwinden,"Skin problem, Question",5,332,1.5%,4.89,0.0%,-7.8%,0.1%,-0.08
rötliche haut gesicht,Skin problem,5,246,2.0%,5.8,-50.0%,41.4%,-3.7%,3.76
hydratation haut,Skin problem,5,218,2.3%,8.01,0.0%,0.0%,2.3%,8.01
apotheke schlössle augsburg,Apotheke,5,197,2.5%,5.64,150.0%,60.2%,0.9%,0.68
neurodermitis mikrobiom,Indication,5,197,2.5%,7.02,400.0%,28.8%,1.9%,-1.54
welche ekzeme gibt es,"Indication, Question",5,191,2.6%,4.23,400.0%,96.9%,1.6%,-2.57
wie bekommt man kratzer auf der haut schnell weg,"Skin problem, Question",5,185,2.7%,2.77,-37.5%,-51.1%,0.6%,-0.75
aknemale entfernen,"Indication, Skin problem",5,151,3.3%,5.3,0.0%,-23.4%,0.8%,0.5
rosacea mizellenwasser,"Indication, Product Category",5,146,3.4%,4.81,400.0%,49.0%,2.4%,-1.2
mineral spf,"Product Category, Product Texture",5,141,3.5%,6.84,150.0%,38.2%,1.6%,-2.38
gehen aknenarben von alleine weg,"Indication, Skin problem, Question",5,136,3.7%,1.51,-37.5%,-19.0%,-1.1%,-0.06
unterschied schuppenflechte und seborrhoisches ekzem,"Indication, Question",5,134,3.7%,2.15,-77.3%,-16.8%,-9.9%,-0.84
dehydrierte gesichtshaut,"Skin problem, Skin type",5,130,3.8%,6.48,-28.6%,-28.2%,0.0%,2.36
leopold apotheke münchen,Apotheke,5,118,4.2%,4.66,66.7%,-29.8%,2.5%,0.41
rote flecken von pickeln wegbekommen,Skin problem,5,104,4.8%,2.97,150.0%,31.6%,2.3%,-0.49
apotheke essen bahnhof,Apotheke,5,104,4.8%,3.95,0.0%,112.2%,4.8%,-5.68
schrammen im gesicht,Skin problem,5,99,5.1%,1.31,0.0%,32.0%,-1.6%,0.31
bb creme für empfindliche haut,"Skin type, Product Category, Product Texture",5,83,6.0%,6.28,0.0%,0.0%,6.0%,6.28
shampoo gegen juckende kopfhaut stiftung warentest,"Skin problem, Product Category",5,76,6.6%,2.05,-54.5%,-53.9%,-0.1%,0.04
rote flecken nach akne,Skin problem,5,75,6.7%,2.76,-16.7%,36.4%,-4.2%,0.85
duschöl,"Product Category, Product Texture",4,3718,0.1%,15.46,0.0%,241.1%,0.1%,-41.54
extrem trockene haut,"Skin problem, Skin type",4,3401,0.1%,20.29,0.0%,25.4%,0.0%,3.64
wie sieht neurodermitis aus,"Indication, Question",4,2235,0.2%,15.11,0.0%,438.6%,0.2%,-8.49
dermatologische hautpflege,Product Category,4,2129,0.2%,10.84,-50.0%,105.5%,-0.6%,-0.37
schuppen auf der kopfhaut,Skin problem,4,1973,0.2%,8.45,-66.7%,-7.7%,-0.4%,1.93
trockene kopfhaut schuppen,"Skin problem, Skin type",4,1922,0.2%,45.2,0.0%,30.6%,-0.1%,2.11
warum hat man schuppen,"Skin problem, Question",4,1919,0.2%,5.78,-75.0%,4.0%,-0.7%,0.9
rote pickelmale,Skin problem,4,1880,0.2%,6.87,-82.6%,-12.1%,-0.9%,0.99
atopischer dermatitis,Indication,4,1708,0.2%,12.53,100.0%,-14.8%,0.1%,0.75
alex apotheke reuschenberg,Apotheke,4,1548,0.3%,8.06,0.0%,1.0%,0.3%,-1.13
pickelnarben entfernen,"Indication, Skin problem",4,1357,0.3%,34.45,-87.1%,-39.5%,-1.1%,14.81
wie bekommt man pickelmale weg,"Skin problem, Question",4,1334,0.3%,7.65,-42.9%,6.7%,-0.3%,0.29
gel creme gesicht,"Product Category, Product Texture",4,1217,0.3%,11.64,33.3%,6.2%,0.1%,-1.81
mizellenwasser abwaschen,"Product Category, Question",4,1191,0.3%,10.14,-75.0%,-28.7%,-0.6%,1.55
pickel im gesicht loswerden,Skin problem,4,1110,0.4%,10.46,-42.9%,-40.3%,0.0%,2.44
dermatologische hautpflege marken,Product Category,4,1093,0.4%,9.38,300.0%,183.2%,0.1%,-0.03
trockene haut am ganzen körper,"Skin problem, Skin type",4,939,0.4%,9.68,0.0%,33.0%,-0.1%,1.7
verschwinden pickelmale von alleine,"Skin problem, Question",4,891,0.4%,1.7,-20.0%,4.0%,-0.1%,0.63
schuppen am haaransatz,Skin problem,4,891,0.4%,7.67,0.0%,10.7%,0.0%,-0.02
symptome trockene haut,"Skin problem, Skin type",4,775,0.5%,8.88,33.3%,46.5%,-0.1%,-0.45
reine haut gesicht,Skin problem,4,757,0.5%,5.86,0.0%,207.7%,0.5%,-4.1
geschädigte haut,Skin problem,4,740,0.5%,4.88,-33.3%,45.7%,-0.6%,1.32
pickel loswerden über nacht,Skin problem,4,677,0.6%,5.26,100.0%,-27.7%,0.4%,-2.52
gel creme,"Product Category, Product Texture",4,661,0.6%,12.64,100.0%,100.3%,0.0%,-0.58
melasma wechseljahre,Indication,4,615,0.7%,7.84,-42.9%,74.7%,-1.3%,0.48
neurodermitis spray,"Indication, Product Category",4,595,0.7%,4.84,100.0%,139.0%,-0.1%,-0.55
pickel narben entfernen,Skin problem,4,589,0.7%,21.35,-60.0%,-55.5%,-0.1%,12.18
gesicht spannt,Skin problem,4,550,0.7%,7.26,-20.0%,12.9%,-0.3%,0.88
bestes mizellenwasser,Product Category,4,529,0.8%,13.72,33.3%,32.6%,0.0%,-0.64
trockene schuppen am haaransatz,Skin problem,4,493,0.8%,8.46,-20.0%,-10.8%,-0.1%,0.11
schlangenhaut mensch,Skin problem,4,480,0.8%,9.75,100.0%,21.5%,0.3%,2.54
schmerzempfindliche haut,Skin problem,4,468,0.9%,5.88,300.0%,15.0%,0.6%,-0.56
huile de douche shower oil,"Product Category, Product Texture",4,450,0.9%,4.84,300.0%,-32.6%,0.7%,-2.48
hydratation der haut,Skin problem,4,409,1.0%,7.42,0.0%,0.0%,1.0%,7.42
spannungsgefühl gesicht,Skin problem,4,391,1.0%,6.1,300.0%,55.8%,0.6%,-2.39
feuchtigkeitsarme haut gesicht,"Skin problem, Skin type",4,342,1.2%,10.71,-50.0%,33.6%,-2.0%,-0.15
arten von neurodermitis,Indication,4,308,1.3%,5.74,0.0%,47.4%,1.3%,-1.28
spray neurodermitis,"Indication, Product Category",4,304,1.3%,3.21,100.0%,104.0%,0.0%,-0.92
haut sticht,Skin problem,4,304,1.3%,3.72,-69.2%,-18.7%,-2.2%,-1.8
psoriasis nase,Indication,4,300,1.3%,6.31,33.3%,85.2%,-0.5%,-1.94
sonnencreme gesicht bei rosacea,"Indication, Product Category",4,300,1.3%,9.04,0.0%,0.0%,1.3%,9.04
krätze narben wegbekommen,Skin problem,4,260,1.5%,6.84,33.3%,-13.6%,0.5%,-2.96
wann gehen pickelmale weg,"Skin problem, Question",4,250,1.6%,1.86,-60.0%,-21.9%,-1.5%,0.4
rote narben im gesicht,Skin problem,4,240,1.7%,5.77,300.0%,6.7%,1.2%,-0.51
pickel-arten und ursachen,Skin problem,4,234,1.7%,10.23,0.0%,38.5%,1.7%,0.28
hydratisiert haut,Skin problem,4,222,1.8%,2.68,0.0%,362.5%,1.8%,-0.15
feuchtigkeitsserum empfindliche haut,"Skin type, Product Category",4,219,1.8%,7.04,0.0%,23.7%,1.8%,-0.66
hautmikrobiom neurodermitis,Indication,4,211,1.9%,5.42,0.0%,-4.1%,0.1%,0.7
atopischer haut,"Indication, Skin type",4,209,1.9%,2.94,-20.0%,-1.4%,-0.4%,0.72
dermatologische sonnencreme,Product Category,4,202,2.0%,8.38,300.0%,304.0%,0.0%,1.64
inflammaging haut,Skin problem,4,196,2.0%,5.83,-60.0%,48.5%,-5.5%,3.16
dehydrierte haut was tun,"Skin problem, Skin type, Question",4,186,2.2%,7.75,-60.0%,-25.6%,-1.8%,2.09
atopische diathese behandlung,Indication,4,182,2.2%,4.13,33.3%,15.2%,0.3%,0.31
dehydrierte haut ursachen,"Skin problem, Skin type, Question",4,172,2.3%,2.74,-63.6%,5.5%,-4.4%,0.03
kratzer im gesicht narbe verhindern,Skin problem,4,164,2.4%,3.98,-55.6%,-18.0%,-2.1%,0.79
apotheke im hauptbahnhof essen,Apotheke,4,163,2.5%,3.52,-42.9%,-38.5%,-0.2%,-3.3
rosacea creme mit sonnenschutz,"Indication, Product Category",4,157,2.5%,6.9,0.0%,0.0%,2.5%,6.9
cosmas apotheke medebach,Apotheke,4,152,2.6%,2.97,300.0%,58.3%,1.6%,-2.39
sonnencreme gesicht empfindliche haut rosacea,"Indication, Skin type, Product Category",4,149,2.7%,6.65,0.0%,0.0%,2.7%,6.65
hautpflege apotheke trockene haut,"Skin type, Product Category, Apotheke",4,147,2.7%,9.95,0.0%,149.2%,2.7%,-16.34
trockene haut gesicht symptome,"Skin problem, Skin type",4,144,2.8%,2.67,300.0%,-19.6%,2.2%,-4.58
unreine mischhaut,"Skin problem, Skin type",4,141,2.8%,4.02,0.0%,0.7%,0.0%,0.43
was ist eine atopische haut,"Indication, Question",4,141,2.8%,4.57,300.0%,69.9%,1.6%,0.1
wie lange dauert es bis schuppen weg sind,"Skin problem, Question",4,139,2.9%,4.23,-20.0%,-30.5%,0.4%,0.71
narben durch kratzen,Skin problem,4,136,2.9%,3.12,0.0%,-7.5%,0.2%,-0.44
spannende gesichtshaut,Skin problem,4,126,3.2%,5.56,100.0%,9.6%,1.4%,-1.29
vorstufe schuppenflechte,Indication,4,108,3.7%,7.41,0.0%,200.0%,3.7%,-2.2
easy apotheke weissach im tal,Apotheke,4,107,3.7%,5.43,33.3%,23.0%,0.3%,0.8
beste sonnencreme rosacea,"Indication, Product Category",4,107,3.7%,8.27,0.0%,0.0%,3.7%,8.27
dehydrierte haut falten,"Skin problem, Skin type",4,105,3.8%,5.34,0.0%,0.0%,3.8%,5.34
hautstechen,Skin problem,4,104,3.8%,3.95,0.0%,173.7%,3.8%,0.27
hautröte im gesicht,Skin problem,4,103,3.9%,2.77,100.0%,296.2%,-3.8%,0.42
roter punkt nach pickel geht nicht weg,Skin problem,4,103,3.9%,6.29,33.3%,-1.0%,1.0%,2.31
sonnenfluid rosacea,"Indication, Product Category",4,94,4.3%,7.26,0.0%,0.0%,4.3%,7.26
akne rötungen im gesicht,"Indication, Skin problem",4,90,4.4%,4.2,0.0%,0.0%,4.4%,4.2
shampoo juckende kopfhaut testsieger,"Skin problem, Product Category",4,75,5.3%,2.19,-50.0%,-56.4%,0.7%,-7.14
rote flecken im gesicht nach pickel,Skin problem,4,69,5.8%,2.58,100.0%,35.3%,1.9%,0.27
pickel hinterlassen rote flecken,Skin problem,4,63,6.3%,2.21,100.0%,53.7%,1.5%,0.01
sonnencreme gegen rötungen,"Skin problem, Product Category",4,60,6.7%,4.95,0.0%,0.0%,6.7%,4.95
seborrhoisches ekzem anfangsstadium schuppenflechte kopfhaut,Indication,4,57,7.0%,1.95,0.0%,16.3%,-1.1%,-0.76
unterschied seborrhoisches ekzem und psoriasis,"Indication, Question",4,57,7.0%,2.88,0.0%,11.8%,-0.8%,-0.16
wann verblassen pickelmale,"Skin problem, Question",4,40,10.0%,3.4,0.0%,0.0%,10.0%,3.4
rosacea spf 50,"Indication, Product Category",4,38,10.5%,3.95,0.0%,5.6%,10.5%,-4.19
haut von innen hydrieren,Skin problem,4,31,12.9%,4.81,0.0%,0.0%,12.9%,4.81
sos spray rosacea,"Indication, Product Category",4,23,17.4%,1,0.0%,0.0%,17.4%,1
bb cream couperose,"Indication, Product Category, Product Texture",4,22,18.2%,2.41,300.0%,-12.0%,14.2%,-1.43
wie kriegt man pickel weg,"Skin problem, Question",3,6039,0.0%,7.14,-66.7%,-38.9%,0.0%,0.86
talg pickel,Skin problem,3,3490,0.1%,8.92,-70.0%,-12.0%,-0.2%,2.47
pickel wegbekommen,Skin problem,3,3152,0.1%,11.31,0.0%,20.9%,0.0%,-1.32
apotheke legau,Apotheke,3,2573,0.1%,6.72,200.0%,-5.2%,0.1%,-0.1
haut trocken,Skin problem,3,2426,0.1%,9.42,-57.1%,11.5%,-0.2%,2.7
mizellen,Product Category,3,2386,0.1%,34.19,-25.0%,11.4%,-0.1%,-10.42
trockene schuppen,Skin problem,3,2091,0.1%,40.78,-40.0%,57.9%,-0.2%,13.76
pickel über nacht loswerden,Skin problem,3,1815,0.2%,4.83,-40.0%,-20.7%,-0.1%,-3.55
rote haut,Skin problem,3,1758,0.2%,9.53,-72.7%,-31.9%,-0.3%,3.42
falken apotheke markt schwaben,Apotheke,3,1636,0.2%,7.93,0.0%,49.1%,0.2%,-1.06
germania apotheke frankfurt,Apotheke,3,1629,0.2%,6.61,200.0%,-0.9%,0.1%,-0.98
zu akne neigende haut,Skin type,3,1536,0.2%,9.23,0.0%,15.6%,0.2%,0.71
apotheke riedberg,Apotheke,3,1496,0.2%,8.12,0.0%,82.9%,0.2%,-3.31
haut ekzem,Indication,3,1437,0.2%,17,0.0%,144.4%,0.2%,-34.76
leopold apotheke hof,Apotheke,3,1416,0.2%,7.36,0.0%,64.7%,0.2%,0.31
ring apotheke essen,Apotheke,3,1403,0.2%,6.28,-40.0%,57.5%,-0.3%,-1.13
wie kann man pickel entfernen,"Skin problem, Question",3,1335,0.2%,6.9,-25.0%,99.9%,-0.4%,-1
dehydrierte haut pflege,"Skin problem, Skin type, Product Category",3,1329,0.2%,8.05,-57.1%,20.4%,-0.4%,0.75
mizellen reinigungswasser,Product Category,3,1256,0.2%,14.28,200.0%,-60.1%,0.2%,-3.63
was tun gegen pickelmale,"Skin problem, Question",3,1075,0.3%,15.65,-75.0%,-18.9%,-0.6%,1.69
sonnen apotheke biberach,Apotheke,3,896,0.3%,5.74,0.0%,-59.1%,0.2%,-3.27
ekzem haut,Indication,3,888,0.3%,24.55,0.0%,39.2%,0.3%,-19.63
mizellenwasser augen,Product Category,3,885,0.3%,6.47,50.0%,-3.6%,0.1%,-3.12
würmtal apotheke planegg,Apotheke,3,848,0.4%,10.23,0.0%,-4.2%,0.4%,-1.76
empfindliche haut rötungen,"Skin problem, Skin type",3,840,0.4%,8.15,0.0%,48.1%,-0.2%,2.72
bahnhof apotheke fulda,Apotheke,3,821,0.4%,7.47,50.0%,-22.9%,0.2%,-2.81
center apotheke farmsen,Apotheke,3,752,0.4%,9.49,0.0%,0.0%,0.4%,9.49
kopfschuppen entfernen,Skin problem,3,716,0.4%,8.7,200.0%,137.1%,0.1%,1.19
gerötete haut im gesicht,Skin problem,3,690,0.4%,8.19,-70.0%,20.2%,-1.3%,3.8
ekchymose,Indication,3,670,0.4%,14.83,0.0%,219.0%,0.4%,-26.12
seborrhoisches ekzem gesicht,Indication,3,635,0.5%,27.79,0.0%,5.8%,0.0%,-0.75
trockene schuppen kopfhaut,"Skin problem, Skin type",3,623,0.5%,22.06,-25.0%,110.5%,-0.9%,4.95
fortuna apotheke gelsenkirchen,Apotheke,3,622,0.5%,6.53,0.0%,81.9%,0.5%,-0.83
arten von pickeln,Skin problem,3,621,0.5%,8.52,0.0%,228.6%,0.5%,-5.2
anti juckreiz spray,"Skin problem, Product Category",3,606,0.5%,9.39,-75.0%,-22.0%,-1.0%,1.4
leichte rötungen im gesicht,Skin problem,3,593,0.5%,4.43,0.0%,94.4%,-0.5%,-0.1
große schuppen,Skin problem,3,590,0.5%,5.49,-57.1%,-0.7%,-0.7%,0.6
rote pickelmale entfernen,Skin problem,3,590,0.5%,8.43,-75.0%,-50.8%,-0.5%,1.04
apotheke farmsen ekz,Apotheke,3,583,0.5%,10.49,0.0%,0.0%,0.5%,10.49
erythrose gesicht,Indication,3,558,0.5%,7.21,-62.5%,-21.6%,-0.6%,0.78
apotheke kaufland,Apotheke,3,548,0.5%,3.56,50.0%,29.6%,0.1%,1.1
wie pickel loswerden,"Skin problem, Question",3,501,0.6%,8.03,-25.0%,-33.6%,0.1%,1.63
röte im gesicht,Skin problem,3,487,0.6%,7.94,-62.5%,13.5%,-1.2%,1.83
rötung im gesicht ursachen,"Skin problem, Question",3,484,0.6%,8.5,0.0%,73.5%,-0.5%,1.96
berührungsempfindlichkeit haut,Skin problem,3,463,0.6%,7.58,-50.0%,-66.7%,0.2%,0.01
rote kratzer schnell wegbekommen,Skin problem,3,442,0.7%,3.26,-76.9%,-9.8%,-2.0%,-0.95
wie sieht ekzem aus,"Indication, Question",3,407,0.7%,5.57,200.0%,140.8%,0.1%,-3.15
plötzlich extrem trockene haut,"Skin problem, Skin type",3,404,0.7%,8.05,-25.0%,65.6%,-0.9%,1.32
plötzlich sehr trockene haut,"Skin problem, Skin type",3,397,0.8%,7.45,-50.0%,74.9%,-1.9%,1.89
formen von neurodermitis,Indication,3,392,0.8%,8.81,0.0%,142.0%,0.8%,-8.92
rötungen nach pickel ausdrücken wegbekommen,Skin problem,3,389,0.8%,5.91,0.0%,-45.8%,0.8%,-1.01
trockene haut ganzer körper,"Skin problem, Skin type",3,373,0.8%,8.82,0.0%,28.2%,-0.2%,1.94
wie sehen ekzeme aus,"Indication, Question",3,371,0.8%,3.96,200.0%,100.5%,0.3%,-4.6
rosacea sonnenschutz gesicht,"Indication, Product Category",3,365,0.8%,8.4,0.0%,0.0%,0.8%,8.4
pickel narben weg bekommen,Skin problem,3,363,0.8%,7.88,-62.5%,-55.9%,-0.1%,0.18
mizellenwasser vor oder nach reinigung,"Product Category, Question",3,354,0.8%,6.12,-57.1%,-27.0%,-0.6%,-0.29
apotheke theaterpassage bonn,Apotheke,3,350,0.9%,5.26,0.0%,-1.7%,0.0%,-1.47
wie kann man pickel loswerden,"Skin problem, Question",3,317,0.9%,3.85,-25.0%,-37.8%,0.2%,-1.21
empfindliche haut symptome,"Skin problem, Skin type",3,317,0.9%,6.5,0.0%,1.6%,0.0%,1.22
gesicht rot,Skin problem,3,317,0.9%,11.31,50.0%,-60.9%,0.7%,2.5
hautpflege seborrhoisches ekzem,"Indication, Product Category",3,317,0.9%,11.82,50.0%,1881.3%,-11.6%,-1.06
rötungen um die nase wegbekommen,Skin problem,3,316,0.9%,29.77,0.0%,7.8%,0.9%,0.65
dicke schuppen auf kopfhaut,Skin problem,3,305,1.0%,4.25,-40.0%,231.5%,-4.5%,0.92
rötungen gesicht ursachen,"Skin problem, Question",3,302,1.0%,5.39,0.0%,22.3%,-0.2%,1.18
wie sehen schuppen auf dem kopf aus,"Skin problem, Question",3,300,1.0%,3.74,50.0%,82.9%,-0.2%,-0.73
gel moussant,"Product Category, Product Texture",3,296,1.0%,3.48,0.0%,22.8%,-0.2%,0.39
mineralischer sonnenschutz gesicht,"Product Category, Product Texture",3,296,1.0%,14.01,200.0%,722.2%,-1.8%,-21.32
was sind pickelmale,"Skin problem, Question",3,278,1.1%,8.14,0.0%,-72.0%,0.8%,-0.77
was hilft gegen schuppen,"Skin problem, Question",3,278,1.1%,62.41,50.0%,-18.0%,0.5%,28.18
rote gesichtshaut ursachen,"Skin problem, Question",3,277,1.1%,8.47,-25.0%,-47.2%,0.3%,-1.06
nach pickel roter fleck,Skin problem,3,273,1.1%,3.03,-83.3%,-21.6%,-4.1%,1.73
hautirritationen im gesicht,Skin problem,3,267,1.1%,13.04,0.0%,-63.5%,0.7%,2.97
kratzer im gesicht was tun,"Skin problem, Question",3,245,1.2%,3.87,50.0%,276.9%,-1.9%,0.7
wann verschwinden pickelmale,"Skin problem, Question",3,240,1.3%,1.88,-66.7%,-11.4%,-2.1%,0.1
apotheke theaterpassage,Apotheke,3,237,1.3%,5.75,50.0%,20.9%,0.2%,-1.58
haut dehydriert,Skin problem,3,234,1.3%,2.84,-25.0%,1.3%,-0.4%,0.94
spannende haut,Skin problem,3,234,1.3%,6.64,50.0%,6.4%,0.4%,-1.21
kopfschuppen arten,Skin problem,3,232,1.3%,2.46,-78.6%,4.5%,-5.0%,0.73
stechen in der haut,Skin problem,3,229,1.3%,3.78,0.0%,-17.6%,1.3%,-1.14
hautpflegeprodukte apotheke,"Product Category, Apotheke",3,227,1.3%,6.52,200.0%,74.6%,0.6%,-5.77
schuppenarten kopfhaut,Skin problem,3,225,1.3%,1.86,-80.0%,-23.2%,-3.8%,0.13
wie kann ich pickel loswerden,"Skin problem, Question",3,202,1.5%,4.03,0.0%,-14.8%,1.5%,-1.26
trockene haut an den armen,"Skin problem, Skin type",3,199,1.5%,8.02,0.0%,0.0%,1.5%,8.02
anti juck spray,"Skin problem, Product Category",3,198,1.5%,6.42,0.0%,219.4%,1.5%,-1.35
atopische hautdiathese,Indication,3,197,1.5%,6.42,0.0%,-1.0%,0.0%,1.03
sonnencreme wasserbasis,Product Category,3,195,1.5%,8.1,50.0%,-10.1%,0.6%,-1.26
empfindliche gesichtshaut rötungen,"Skin problem, Skin type",3,194,1.5%,4.86,-25.0%,18.3%,-0.9%,-0.1
wie lange bis pickelmale verschwinden,"Skin problem, Question",3,193,1.6%,4.61,-57.1%,-50.4%,-0.2%,0.12
rosacea sonnencreme gesicht,"Indication, Product Category",3,184,1.6%,8.24,0.0%,0.0%,1.6%,8.24
kopfhautschuppen entfernen,Skin problem,3,181,1.7%,8.51,0.0%,13.8%,-0.2%,3.12
trockene haut bilder,"Skin problem, Skin type",3,175,1.7%,14.8,50.0%,348.7%,-3.4%,-5.46
sonnenschutz wasserbasis,Product Category,3,167,1.8%,7.77,200.0%,297.6%,-0.6%,-1.21
schuppenflechte oder ekzem kopfhaut,"Indication, Question",3,165,1.8%,4.4,-66.7%,13.8%,-4.4%,0.37
hydratisierte haut bedeutung,"Skin problem, Question",3,160,1.9%,3.6,0.0%,344.4%,1.9%,0.82
rote akne flecken,"Indication, Skin problem",3,155,1.9%,4.97,-50.0%,-6.1%,-1.7%,1.73
schuppen wegkratzen,Skin problem,3,154,1.9%,6.87,0.0%,-29.0%,0.6%,0.5
wie entstehen haarschuppen,"Skin problem, Question",3,151,2.0%,5.97,-40.0%,-29.4%,-0.3%,0.73
internationale apotheke hamburg hauptbahnhof,Apotheke,3,148,2.0%,7.5,0.0%,-17.8%,2.0%,0.04
dermatologischer sonnenschutz,Product Category,3,146,2.1%,3.86,200.0%,595.2%,-2.7%,-8.38
dermatologische gesichtscreme,Product Category,3,144,2.1%,7.67,200.0%,-1.4%,1.4%,-1.3
stechen haut,Skin problem,3,142,2.1%,2.14,200.0%,-17.0%,1.5%,-1.54
neurodermitis ekzem unterschied,"Indication, Question",3,138,2.2%,8.5,0.0%,0.0%,2.2%,8.5
sos spray gesicht,"Skin problem, Product Category",3,137,2.2%,7.19,0.0%,158.5%,2.2%,-0.45
rötliche gesichtshaut,Skin problem,3,136,2.2%,6.86,0.0%,1.5%,0.0%,1.25
couperose sonnenschutz,"Indication, Product Category",3,131,2.3%,8.41,0.0%,0.0%,2.3%,8.41
huile de douche deutsch,"Product Category, Product Texture",3,130,2.3%,3.92,0.0%,91.2%,2.3%,0.26
kratzer haut behandeln,Skin problem,3,129,2.3%,4.31,0.0%,61.3%,-1.4%,0.65
apotheke im kaufland rosenheim,Apotheke,3,126,2.4%,3.83,0.0%,20.0%,-0.5%,0.85
hydratisieren,Skin problem,3,125,2.4%,2.56,0.0%,0.0%,2.4%,2.56
akne fettige haut,"Indication, Skin problem, Skin type",3,121,2.5%,4.12,-50.0%,-8.3%,-2.1%,-0.36
wie kann man die haut schützen,Question,3,117,2.6%,3.44,-25.0%,-10.7%,-0.5%,0
schuppen von kopfhaut entfernen,Skin problem,3,113,2.7%,6.93,0.0%,105.5%,2.7%,1.8
gerötetes gesicht ursachen,"Skin problem, Question",3,109,2.8%,11.6,0.0%,0.0%,2.8%,11.6
anti-juckreiz spray neurodermitis,"Indication, Skin problem, Product Category",3,106,2.8%,5.25,-25.0%,1.9%,-1.0%,-2.16
haut stechen,Skin problem,3,105,2.9%,2.6,-50.0%,-9.5%,-2.3%,0.11
sonnenschutz rosazea,"Indication, Product Category",3,105,2.9%,7.78,0.0%,0.0%,2.9%,7.78
fingernagel kratzer narbe,Skin problem,3,104,2.9%,3.71,-70.0%,-62.2%,-0.8%,-0.36
aknenarben rot,"Indication, Skin problem",3,104,2.9%,4.12,0.0%,15.6%,-0.4%,-0.17
arten von pickeln im gesicht,Skin problem,3,103,2.9%,8.09,200.0%,157.5%,0.4%,1.56
sonnenmilch rosacea,"Indication, Product Category",3,100,3.0%,8.12,0.0%,0.0%,3.0%,8.12
atopische haut was ist das,"Indication, Question",3,96,3.1%,4.74,0.0%,0.0%,3.1%,4.74
schuppen an einer stelle kopfhaut,Skin problem,3,96,3.1%,5.44,-25.0%,-48.9%,1.0%,0.51
hautschäden reparieren,Skin problem,3,92,3.3%,2.66,-66.7%,-20.0%,-4.6%,0.42
apotheke im kaufland,Apotheke,3,90,3.3%,5.42,50.0%,119.5%,-1.5%,-5.12
seborrhoisches ekzem hautpflege,"Indication, Product Category",3,90,3.3%,11.28,0.0%,130.8%,3.3%,-0.85
spannungsgefühl haut gesicht,Skin problem,3,85,3.5%,4.25,0.0%,16.4%,-0.6%,-0.09
welche arten von ekzemen gibt es,"Indication, Question",3,81,3.7%,3.53,0.0%,0.0%,3.7%,3.53
hydratisierung,Skin problem,3,80,3.8%,1.88,0.0%,0.0%,3.8%,1.88
rötung nach pickel wegbekommen,Skin problem,3,75,4.0%,4.08,0.0%,0.0%,4.0%,4.08
rosazea sonnenschutz,"Indication, Product Category",3,75,4.0%,8.17,0.0%,0.0%,4.0%,8.17
sonnencreme fürs gesicht bei rosacea,"Indication, Product Category",3,74,4.1%,6.23,0.0%,0.0%,4.1%,6.23
trockene schuppen ursache,"Skin problem, Question",3,74,4.1%,12.76,50.0%,-59.8%,3.0%,2.23
seborrhoisches ekzem vs psoriasis,"Indication, Question",3,69,4.3%,3.67,-57.1%,-1.4%,-5.7%,0.56
sonnencreme seborrhoisches ekzem,"Indication, Product Category",3,69,4.3%,6.94,0.0%,0.0%,4.3%,6.94
plötzlich trockene gesichtshaut,"Skin problem, Skin type",3,69,4.3%,8.87,-25.0%,-13.8%,-0.7%,2.87
sonnenschutz couperose,"Indication, Product Category",3,67,4.5%,9.15,0.0%,0.0%,4.5%,9.15
gesichtshaut rötungen,Skin problem,3,63,4.8%,2.95,0.0%,0.0%,4.8%,2.95
rote akne flecken loswerden,"Indication, Skin problem",3,61,4.9%,3.41,-40.0%,-35.8%,-0.3%,0.13
pickelmale rote flecken,Skin problem,3,60,5.0%,2.92,200.0%,361.5%,-2.7%,0.46
kratzer heilungsdauer,"Skin problem, Question",3,59,5.1%,4.34,0.0%,0.0%,5.1%,4.34
extrem trockene haut körper,"Skin problem, Skin type",3,59,5.1%,13.83,0.0%,-44.9%,5.1%,2.39
hautpflege von dermatologen empfohlen,Product Category,3,56,5.4%,5.64,50.0%,-31.7%,2.9%,-0.82
akne rote flecken wegbekommen,"Indication, Skin problem",3,53,5.7%,2.96,50.0%,60.6%,-0.4%,0.05
ekzem blutet,Indication,3,51,5.9%,5.92,0.0%,0.0%,5.9%,5.92
akne grade,Indication,3,49,6.1%,4.27,200.0%,69.0%,2.7%,-0.25
mizellenwasser neurodermitis,"Indication, Product Category",3,47,6.4%,2.7,0.0%,-14.5%,0.9%,-1.99
apotheke im allee center magdeburg,Apotheke,3,47,6.4%,10.15,0.0%,-16.1%,6.4%,-0.71
gesichtsreinigung produkt,Product Category,3,46,6.5%,26.33,0.0%,0.0%,6.5%,26.33
hyaluronsäure salicylsäure,Product Category,3,45,6.7%,1.8,-57.1%,-49.4%,-1.2%,0.78
wie lange bis kratzer verheilt,"Skin problem, Question",3,45,6.7%,3.56,0.0%,-57.1%,6.7%,-0.28
beste sonnencreme mit bräunungsbeschleuniger,Product Category,3,30,10.0%,2.03,0.0%,0.0%,10.0%,2.03
seborrhoisches ekzem creme test,"Indication, Product Category",3,30,10.0%,18.8,200.0%,76.5%,4.1%,1.21
seborrhoische dermatitis oder schuppenflechte,"Indication, Question",3,29,10.3%,1,-85.7%,-55.4%,-22.0%,0
psoriasis seborrhoischer typ,Indication,3,29,10.3%,1.62,-75.0%,-45.3%,-12.3%,0.41
dehydrierte unreine haut,"Skin problem, Skin type",3,27,11.1%,5.96,0.0%,0.0%,11.1%,5.96
unterschied psoriasis und seborrhoisches ekzem,"Indication, Question",3,18,16.7%,1.39,0.0%,0.0%,16.7%,1.39
hautpflege bei seborrhoischem ekzem,"Indication, Product Category",3,18,16.7%,11.39,0.0%,0.0%,16.7%,11.39
schuppen,Skin problem,2,6693,0.0%,39.51,-90.9%,-57.3%,-0.1%,23.2
atopische dermatitis,Indication,2,5417,0.0%,14.23,0.0%,322.5%,-0.1%,-27.97
hautpflegeprodukte,Product Category,2,4453,0.0%,41.33,-50.0%,84.1%,-0.1%,21.84
apotheke oberstenfeld,Apotheke,2,3594,0.1%,9.28,0.0%,13.1%,0.1%,-0.57
easy apotheke hürth,Apotheke,2,3348,0.1%,8.19,0.0%,26.1%,0.1%,-0.13
